Education,Marital_Status,Income,Kids,Expenses,TotalAcceptedCmp,NumTotalPurchases,Age,day_engaged,cluster
0,0,58138.0,0,1617,1,25,64,997,2
0,0,46344.0,2,27,0,6,67,151,1
0,1,71613.0,0,776,0,21,56,498,2
0,1,26646.0,1,53,0,8,37,91,1
0,1,58293.0,1,422,0,19,40,347,1
0,1,62513.0,1,716,0,22,54,479,2
0,0,55635.0,1,590,0,21,50,779,2
0,1,33454.0,1,169,0,10,36,514,1
0,1,30351.0,1,46,1,6,47,574,1
0,1,5648.0,2,49,1,2,71,294,1
0,1,52247.25135379061,1,19,0,4,38,412,1
1,1,7500.0,0,61,0,6,45,779,3
0,0,63033.0,0,1102,0,16,62,412,2
0,0,59354.0,2,310,0,15,69,412,1
0,1,17323.0,0,46,0,5,34,813,1
0,0,82800.0,0,1315,3,26,75,768,2
0,1,41850.0,2,96,0,9,41,738,1
0,1,37760.0,0,317,0,13,75,853,1
0,1,76995.0,1,1782,1,26,72,644,2
0,0,33812.0,1,133,0,8,36,1026,1
0,1,37040.0,0,316,0,12,39,876,1
0,1,2447.0,1,1730,0,43,42,579,2
0,1,58607.0,1,972,1,17,72,739,2
0,1,65324.0,1,544,0,20,67,61,2
0,1,40689.0,1,444,0,20,70,654,1
0,0,18589.0,0,75,0,8,52,699,1
0,1,53359.0,2,257,0,14,45,584,1
0,0,52247.25135379061,1,637,0,27,35,680,2
0,1,38360.0,1,131,0,9,32,580,1
0,1,84618.0,0,1672,1,26,56,405,2
0,0,10979.0,0,30,0,8,32,224,1
0,1,38620.0,0,318,0,11,58,422,1
0,1,40548.0,1,120,1,9,51,813,1
0,0,46610.0,2,302,1,17,69,794,1
0,1,68657.0,0,1196,0,18,75,680,2
0,0,49389.0,2,65,0,6,70,490,1
0,1,67353.0,1,913,0,28,51,366,2
0,1,23718.0,1,81,0,9,45,691,1
0,0,42429.0,1,67,0,7,48,60,1
0,0,48948.0,0,902,2,24,78,729,2
0,1,80011.0,1,1395,0,21,41,612,2
0,1,20559.0,1,53,0,7,36,394,1
0,1,21994.0,1,22,0,4,64,738,1
0,0,52247.25135379061,0,186,0,9,62,600,1
0,1,7500.0,1,31,0,8,46,690,1
0,0,79941.0,0,984,0,16,45,187,2
0,1,7500.0,0,122,1,10,25,842,1
0,1,41728.0,1,55,0,5,53,587,1
0,0,52247.25135379061,3,124,0,10,70,365,1
0,1,72550.0,2,1319,0,28,67,873,2
0,0,65486.0,1,507,0,17,64,27,1
0,1,79143.0,0,1693,0,29,57,784,2
0,0,35790.0,1,72,0,7,44,699,1
0,0,82582.0,0,1617,3,21,44,179,2
0,1,66373.0,2,606,0,23,43,391,1
0,1,82384.0,0,1957,2,27,66,773,2
0,0,70287.0,0,1093,1,21,55,696,2
0,0,27938.0,1,29,0,6,33,248,1
0,0,52247.25135379061,1,46,0,7,39,563,1
0,1,55954.0,1,518,0,19,53,304,1
0,0,75777.0,0,1438,3,21,39,634,2
0,1,66653.0,2,612,0,22,46,906,2
0,0,61823.0,1,884,0,24,69,682,2
0,0,67680.0,1,606,0,19,70,421,2
0,1,70666.0,0,1076,0,16,73,568,2
0,1,25721.0,1,34,1,5,50,590,1
0,1,32474.0,2,11,0,4,54,57,1
0,0,88194.0,1,1274,3,32,42,288,2
0,1,69096.0,1,653,0,18,63,461,2
0,1,74854.0,3,1562,0,19,51,515,2
0,1,66991.0,0,1253,0,21,67,783,2
0,1,52247.25135379061,1,109,0,9,48,839,1
0,1,65031.0,1,863,0,30,62,655,2
0,1,60631.0,2,661,1,24,46,607,2
0,1,28332.0,0,65,0,8,69,246,1
0,0,40246.0,1,13,0,4,44,743,1
0,1,75251.0,0,1890,1,19,49,857,2
0,0,75825.0,0,2209,2,22,45,752,2
0,1,26326.0,0,18,0,4,45,632,1
0,1,56046.0,0,692,2,21,56,699,2
0,0,29760.0,1,165,0,12,36,855,1
0,1,26304.0,1,16,0,4,52,557,1
0,1,23559.0,1,79,0,9,48,665,1
0,1,38620.0,0,318,0,11,58,422,1
0,0,81361.0,0,778,0,27,34,310,2
0,1,29440.0,2,56,0,7,61,419,1
0,1,36138.0,2,151,1,13,51,534,1
0,0,50388.0,1,372,3,17,64,218,2
0,1,79593.0,0,1366,1,19,48,27,2
0,1,54178.0,1,194,0,10,54,345,1
0,1,52247.25135379061,3,603,0,29,64,773,1
0,0,52247.25135379061,2,18,0,4,64,219,1
0,1,52247.25135379061,0,985,0,15,48,404,2
0,0,42394.0,1,32,0,5,49,284,1
0,1,23626.0,1,43,0,10,51,222,1
0,1,30096.0,1,45,0,6,38,224,1
0,0,47916.0,1,606,1,22,61,770,2
0,0,51813.0,2,63,0,7,49,423,1
0,1,78497.0,0,978,1,25,70,719,2
0,1,50150.0,0,410,0,16,38,560,1
0,0,47823.0,1,72,0,7,61,527,1
0,0,34554.0,1,55,0,7,62,277,1
0,1,85693.0,1,1169,0,27,42,621,2
0,1,65846.0,0,1120,0,16,76,594,2
0,1,87195.0,0,1097,1,20,62,149,2
1,1,24594.0,1,29,0,5,42,446,3
0,1,49096.0,2,187,0,13,57,464,1
0,1,52413.0,2,910,0,26,52,698,2
0,0,38557.0,1,145,0,9,43,743,1
0,1,89058.0,0,850,0,14,61,903,2
0,1,77298.0,1,969,0,24,42,689,2
0,0,68126.0,0,1820,2,17,30,812,2
0,1,57288.0,1,608,1,20,58,190,2
0,0,86037.0,0,730,3,25,30,699,2
0,1,43974.0,1,551,0,21,41,750,1
0,0,50785.0,2,114,0,8,59,449,1
0,1,90765.0,0,1724,2,15,51,342,2
0,1,36550.0,1,577,0,20,43,681,1
0,1,30753.0,2,81,0,7,54,420,1
0,1,21918.0,1,33,0,7,52,413,1
0,1,56129.0,1,660,0,22,68,560,2
0,0,32557.0,1,80,1,9,54,311,1
0,1,19510.0,2,30,0,6,36,632,1
0,0,30992.0,1,43,0,5,45,619,1
0,0,101970.0,0,1135,4,27,38,394,2
0,1,71488.0,0,559,0,16,56,682,2
0,0,79607.0,0,1923,1,16,37,620,2
0,1,54348.0,2,90,0,8,68,148,1
0,1,52247.25135379061,1,404,0,17,60,420,1
0,1,77376.0,2,661,0,23,65,88,2
0,1,62998.0,1,463,0,19,69,458,2
0,0,61331.0,2,632,0,23,63,455,2
0,1,73448.0,0,725,0,19,52,91,2
0,1,52247.25135379061,1,725,0,19,58,419,2
0,1,41551.0,2,279,0,16,57,505,1
0,1,62981.0,0,1482,1,23,54,655,2
1,0,9548.0,1,29,0,6,45,876,3
0,1,33762.0,3,106,0,9,62,543,1
0,0,35860.0,2,49,2,6,48,227,1
0,0,36921.0,2,38,0,7,56,522,1
0,0,92859.0,0,2077,0,22,29,804,2
0,1,65104.0,1,1053,1,17,45,413,2
0,1,86111.0,0,1385,0,23,59,622,2
0,0,68352.0,1,871,0,25,47,491,2
0,1,41883.0,1,312,0,12,33,653,1
0,1,59809.0,2,877,0,15,45,805,1
0,1,23957.0,1,68,1,6,46,795,1
0,1,38547.0,1,22,0,4,40,491,1
0,1,35688.0,3,211,0,16,48,862,1
0,1,49605.0,0,127,0,8,55,194,1
0,1,59354.0,2,459,0,16,68,252,1
0,1,65747.0,1,460,1,19,52,182,2
0,1,46344.0,1,429,0,17,49,748,1
0,0,34176.0,1,89,0,11,33,27,1
0,1,61010.0,1,1021,0,26,69,843,2
0,1,69372.0,0,1381,3,21,72,681,2
0,0,49967.0,1,306,0,15,63,512,1
0,0,60199.0,3,18,0,4,43,388,1
0,1,55375.0,1,162,0,9,44,441,1
0,0,80317.0,0,1231,0,18,66,499,2
0,0,30523.0,3,13,0,4,63,724,1
0,1,70356.0,0,1706,0,27,76,965,2
0,1,23228.0,1,121,0,11,37,245,1
0,0,74165.0,0,1293,0,20,46,726,2
0,1,157243.0,1,1608,0,37,48,363,2
0,1,43482.0,3,88,0,9,55,414,1
0,0,62551.0,0,421,1,18,68,409,2
0,0,52332.0,0,259,1,12,62,491,1
0,0,66951.0,0,1117,0,15,33,689,2
0,1,26091.0,2,89,0,9,64,310,1
0,1,33456.0,2,36,0,6,56,255,1
0,1,28718.0,1,57,0,7,39,537,1
0,1,50447.0,2,148,0,8,51,255,1
0,1,53537.0,2,93,0,8,62,336,1
0,0,52074.0,1,119,1,7,54,272,1
0,1,80427.0,1,1835,0,28,46,753,2
0,1,83837.0,0,1318,3,25,73,746,2
0,1,38853.0,2,45,0,7,51,223,1
0,1,38285.0,3,10,0,4,62,191,1
0,1,78497.0,0,978,1,25,70,719,2
0,1,51650.0,1,191,0,10,45,57,1
0,1,16248.0,1,57,0,9,33,88,1
0,1,66835.0,0,1033,0,24,75,460,2
0,1,30477.0,1,66,0,6,37,344,1
1,1,28249.0,0,43,0,6,60,200,3
0,1,25271.0,1,50,0,5,38,964,1
0,0,32303.0,1,39,0,7,51,151,1
0,1,61286.0,1,608,0,18,55,692,2
0,1,74068.0,0,1581,0,24,45,653,2
0,1,45759.0,2,68,0,7,57,677,1
1,1,24882.0,1,80,1,5,43,844,3
0,1,66973.0,0,1282,0,28,32,594,2
0,0,36640.0,1,65,0,6,121,462,1
0,1,38872.0,1,91,0,8,33,581,1
0,1,51148.0,2,315,0,16,48,682,1
0,1,31353.0,2,31,0,6,44,368,1
0,1,69661.0,0,834,0,23,41,233,2
0,1,80067.0,0,1600,1,17,67,469,2
0,1,86718.0,0,1270,0,17,67,714,2
0,0,46854.0,2,263,2,15,48,276,1
0,0,69142.0,1,535,1,19,69,186,2
0,0,75922.0,0,1295,0,18,53,476,2
0,0,63693.0,1,1150,0,29,43,444,2
0,1,102160.0,0,1240,4,26,44,1055,2
0,0,40637.0,2,38,0,6,56,533,1
0,0,18890.0,0,35,2,4,37,812,1
0,1,29604.0,1,53,1,5,33,507,1
0,0,48721.0,2,293,0,17,58,598,1
0,1,44794.0,1,65,0,6,55,148,1
0,0,64497.0,1,1804,2,29,67,814,2
0,1,46097.0,1,241,0,15,65,641,1
0,1,77972.0,0,1101,0,20,67,289,2
0,1,44377.0,2,264,0,19,53,966,1
0,1,46014.0,2,541,0,26,47,710,1
0,1,70951.0,0,1198,0,17,36,636,2
0,1,41443.0,1,482,0,20,44,362,1
0,0,52195.0,3,17,0,4,43,27,1
0,1,83790.0,0,1615,2,25,73,412,2
0,0,44551.0,1,285,0,12,67,488,1
0,1,69508.0,1,1135,0,28,41,778,2
0,1,45204.0,1,114,0,7,33,58,1
0,1,72460.0,0,1047,0,16,52,413,2
0,1,77622.0,2,714,0,22,51,262,2
0,1,30732.0,1,185,0,13,41,610,1
0,0,63887.0,1,1245,0,32,59,875,2
0,1,42011.0,1,189,0,12,43,646,1
0,1,51369.0,1,576,0,16,45,798,1
0,0,51537.0,1,1103,0,18,69,841,2
0,1,79930.0,0,1753,0,17,49,876,2
0,1,34320.0,1,17,0,4,35,319,1
0,0,37070.0,2,433,1,23,55,652,1
0,0,81975.0,1,1588,1,14,59,610,2
0,1,38590.0,1,22,0,4,50,596,1
0,0,15033.0,0,19,0,5,70,260,1
0,1,62745.0,1,1117,0,29,56,649,2
0,1,22212.0,1,69,0,8,46,476,1
0,1,23661.0,1,23,0,5,39,629,1
0,0,79761.0,1,605,0,19,63,631,2
0,0,7500.0,1,57,0,11,48,371,1
0,0,60182.0,1,22,0,4,128,229,1
0,0,73455.0,0,2088,1,22,53,430,2
0,1,64961.0,1,1009,0,16,63,739,2
0,0,22804.0,1,26,0,5,50,519,1
0,1,73687.0,0,1627,2,22,31,399,2
0,1,61074.0,1,1102,0,31,63,867,2
0,1,31686.0,2,17,0,6,57,240,1
0,1,80134.0,1,1690,4,16,49,591,2
0,1,75027.0,1,1390,0,21,68,487,2
0,1,67546.0,0,2126,0,20,33,853,2
0,1,65176.0,1,1531,0,25,52,794,2
0,0,31160.0,1,64,0,7,46,472,1
0,0,29938.0,1,26,0,6,36,431,1
0,0,102692.0,0,1112,5,29,47,607,2
0,1,26490.0,0,210,0,11,63,831,1
0,1,75702.0,2,1148,0,26,54,855,2
0,0,30899.0,1,33,0,6,47,810,1
0,1,63342.0,1,1101,1,19,60,807,2
0,0,45989.0,1,322,0,16,57,801,1
0,0,18701.0,2,44,0,10,57,635,1
0,0,40737.0,3,17,0,4,64,507,1
0,0,15287.0,1,31,2,6,42,813,1
0,0,69674.0,2,845,0,25,53,589,2
0,1,44159.0,1,275,0,15,51,198,1
0,1,37717.0,1,25,0,4,43,769,1
0,1,43776.0,2,275,1,17,69,670,1
0,1,38179.0,2,90,0,11,55,658,1
0,1,80124.0,0,1495,1,19,58,189,2
0,1,38097.0,2,184,2,11,51,808,1
0,1,72940.0,0,981,0,13,51,561,2
0,1,22070.0,1,67,0,8,51,631,1
0,0,69267.0,0,1635,1,14,68,831,2
0,0,31788.0,1,60,0,10,38,287,1
0,1,61905.0,1,231,0,12,46,274,1
0,1,29315.0,2,48,0,10,61,211,1
0,0,33378.0,2,99,0,9,58,578,1
0,1,66313.0,1,770,0,23,58,472,2
0,0,60714.0,0,957,1,23,65,714,2
0,1,77882.0,0,818,0,12,40,246,2
0,0,69867.0,0,925,2,17,35,696,2
0,0,63841.0,1,908,0,22,53,620,2
1,1,24480.0,1,102,0,10,40,425,3
0,1,51369.0,1,576,0,16,45,798,1
0,1,37760.0,0,317,0,13,75,853,1
0,1,65640.0,1,461,0,15,47,363,1
0,1,44319.0,2,37,0,7,46,259,1
0,1,30631.0,1,70,0,7,47,390,1
0,1,75278.0,0,930,0,23,69,702,2
0,1,50898.0,2,859,0,33,65,518,2
0,0,79946.0,0,1478,0,22,55,27,2
0,0,35416.0,0,390,0,16,72,567,1
0,1,32414.0,0,52,1,5,37,634,1
0,1,38361.0,1,137,0,10,52,370,1
0,1,82497.0,0,1919,1,19,41,792,2
0,1,16626.0,2,68,0,9,50,351,1
0,1,29672.0,2,25,0,4,56,394,1
0,1,55951.0,1,1374,2,23,69,861,2
0,0,35388.0,1,32,0,5,33,547,1
0,1,42386.0,1,100,0,7,35,718,1
0,0,68627.0,0,825,0,12,39,396,2
0,0,57912.0,1,916,1,28,56,290,2
0,0,35246.0,2,62,0,11,63,260,1
0,1,58821.0,1,728,0,21,65,387,2
0,1,46377.0,1,90,0,7,43,363,1
0,0,39747.0,1,273,0,13,33,263,1
0,1,23976.0,1,66,0,10,37,370,1
0,1,80950.0,0,1213,1,23,60,644,2
0,0,27038.0,0,107,1,7,55,835,1
0,0,77457.0,0,1157,1,18,74,243,2
0,1,64100.0,1,546,1,18,57,449,2
0,1,42670.0,0,241,0,11,29,614,1
0,0,12571.0,1,53,0,11,45,348,1
0,1,22574.0,3,37,0,7,54,430,1
0,1,52247.25135379061,0,1611,2,24,32,666,2
0,0,70893.0,0,1508,0,23,45,578,2
0,1,54198.0,2,235,0,16,55,380,1
0,1,28839.0,2,32,0,7,65,59,1
0,1,40321.0,2,102,0,8,49,521,1
0,0,66503.0,1,401,0,15,36,870,1
0,1,30833.0,2,28,0,6,70,534,1
0,0,52247.25135379061,3,1052,2,21,51,496,2
0,1,64795.0,1,680,0,21,50,714,2
0,1,34421.0,1,30,0,4,47,724,1
0,0,47025.0,2,20,0,4,56,121,1
0,0,64325.0,1,1307,0,23,60,548,2
0,0,40464.0,1,630,0,24,68,426,2
0,1,62187.0,0,1283,0,18,64,604,2
0,0,14849.0,1,65,0,9,45,693,1
0,1,27255.0,1,37,0,5,37,539,1
0,1,54432.0,3,38,0,5,71,483,1
0,0,29999.0,1,160,0,12,35,687,1
0,0,24072.0,1,23,0,4,38,625,1
0,0,33996.0,0,71,0,6,32,418,1
0,1,66334.0,1,1161,1,19,65,668,2
0,1,35178.0,1,59,2,5,50,457,1
0,1,22010.0,1,33,0,7,38,550,1
0,0,62204.0,2,946,0,22,61,753,2
0,0,75693.0,0,1442,4,22,53,933,2
0,1,30675.0,1,62,0,5,49,751,1
0,1,83003.0,0,1674,2,22,56,669,2
0,1,83532.0,0,1853,1,15,122,462,2
0,0,68655.0,0,1538,0,21,33,815,2
0,0,41411.0,0,139,0,8,35,538,1
0,1,55212.0,1,1182,2,20,52,769,2
0,1,59292.0,1,507,0,18,71,567,2
1,1,27190.0,1,18,2,4,48,504,3
0,0,82623.0,0,940,0,16,69,447,2
0,1,44300.0,2,42,0,6,56,557,1
0,0,84835.0,0,1190,1,15,51,199,2
0,0,30372.0,2,44,0,8,50,737,1
0,1,33181.0,1,16,1,4,45,306,1
0,1,71113.0,1,835,0,26,64,380,2
0,1,71952.0,1,1443,2,22,35,457,2
0,0,69759.0,0,1029,1,18,55,430,2
0,1,72099.0,0,1188,0,18,47,796,2
0,0,60000.0,1,1277,0,24,45,740,2
0,0,38643.0,2,49,0,7,43,398,1
0,1,50737.0,1,99,1,7,66,422,1
0,1,68462.0,0,1670,0,15,52,750,2
0,1,65073.0,0,900,0,14,78,499,2
0,1,46681.0,2,425,0,16,73,509,1
0,1,78618.0,0,2153,1,22,64,825,2
0,0,62187.0,1,636,0,21,52,285,2
0,1,28442.0,2,57,0,10,43,311,1
0,1,37717.0,1,25,0,4,43,769,1
0,1,51479.0,2,494,0,22,54,734,1
0,0,54803.0,1,693,0,19,52,863,2
0,1,79530.0,0,1348,0,26,61,594,2
0,0,31615.0,1,51,0,7,45,656,1
0,1,72025.0,0,1932,0,16,59,775,2
0,0,52614.0,1,990,0,16,46,1085,2
0,1,35684.0,1,30,0,5,37,254,1
0,1,48178.0,2,254,0,16,46,795,1
0,0,29548.0,1,29,1,5,51,490,1
0,0,63810.0,1,1371,1,23,55,781,2
0,0,38578.0,2,73,1,9,49,558,1
0,0,46098.0,2,120,0,11,46,866,1
0,0,22585.0,0,81,2,5,51,654,1
0,0,30279.0,1,37,0,5,32,732,1
0,1,66426.0,1,1377,0,20,60,690,2
0,0,30822.0,1,51,0,5,52,566,1
0,1,33581.0,2,17,0,4,52,518,1
0,1,19986.0,1,22,0,4,36,413,1
0,0,27421.0,0,324,0,14,67,750,1
0,1,35688.0,3,211,0,16,48,862,1
0,0,36143.0,1,19,0,4,40,277,1
0,0,10245.0,1,41,0,8,50,596,1
0,1,43795.0,1,492,2,17,53,442,2
0,1,63381.0,1,1005,0,26,61,966,2
0,1,38823.0,1,114,0,7,72,854,1
0,0,83664.0,2,1173,0,19,53,514,2
0,1,90300.0,0,1738,1,19,42,306,2
0,1,62499.0,1,222,0,12,42,476,1
0,0,74293.0,0,1127,0,16,28,271,2
0,1,51012.0,0,209,0,10,75,623,1
0,1,70777.0,1,787,0,23,53,310,2
0,1,68682.0,0,1598,0,24,30,570,2
0,1,43824.0,2,186,0,12,50,838,1
0,1,15345.0,1,47,1,6,37,853,1
0,0,23442.0,1,27,0,5,34,738,1
0,1,14515.0,1,96,1,11,41,842,1
0,0,31395.0,2,64,0,10,65,649,1
0,1,75276.0,0,1040,0,23,56,826,2
0,0,42373.0,2,163,0,13,47,504,1
0,1,30507.0,0,343,0,11,61,424,1
0,0,55521.0,3,446,2,24,66,436,1
0,1,48006.0,2,41,0,5,56,117,1
0,0,27213.0,1,70,1,9,49,854,1
0,0,65808.0,2,272,0,14,50,216,1
0,1,30351.0,1,46,0,6,47,574,1
0,1,50437.0,2,490,0,19,58,806,1
0,0,23616.0,1,79,1,8,39,775,1
0,1,53858.0,1,915,0,17,45,842,2
0,1,66465.0,1,1485,1,35,66,642,2
0,0,46923.0,1,369,0,16,34,862,1
0,1,75072.0,1,1073,0,19,59,708,2
0,1,75865.0,0,1242,0,19,78,276,2
0,1,19789.0,1,78,1,9,46,407,1
0,1,80134.0,0,1378,4,21,27,321,2
0,0,91065.0,0,1474,3,26,40,678,2
0,1,49505.0,2,751,0,29,50,608,2
0,1,37401.0,1,48,0,7,48,210,1
0,1,30096.0,1,45,0,6,38,224,1
0,1,18492.0,1,10,0,4,39,240,1
0,1,82584.0,0,1435,3,16,47,635,2
0,1,93027.0,0,2119,1,22,80,628,2
0,1,48686.0,3,20,0,4,68,629,1
0,1,92910.0,0,1795,3,27,35,252,2
0,1,75433.0,1,1188,2,19,32,242,2
0,1,10404.0,1,43,0,7,32,271,1
0,1,61314.0,1,1008,0,24,53,616,2
0,0,84865.0,0,1688,5,16,60,483,2
0,1,42387.0,1,684,0,21,32,794,1
0,1,67309.0,2,1082,0,39,54,708,2
0,1,75236.0,1,1068,0,25,57,402,2
0,0,30015.0,1,57,0,7,51,333,1
0,1,50943.0,1,46,0,5,65,559,1
0,0,67272.0,1,733,0,23,55,376,2
0,0,51529.0,1,467,0,17,72,541,1
0,1,32011.0,1,122,0,10,50,497,1
0,1,7500.0,1,36,0,7,35,548,1
0,1,28691.0,1,34,0,5,32,634,1
0,1,56223.0,1,156,0,10,73,377,1
0,1,18100.0,0,14,0,4,75,572,1
0,0,30279.0,1,37,0,5,32,732,1
0,1,20130.0,0,34,0,5,47,290,1
0,0,23295.0,0,20,0,4,62,537,1
0,0,42618.0,1,192,0,11,49,478,1
0,0,81246.0,0,1379,2,17,57,368,2
0,1,24027.0,1,48,0,7,45,482,1
0,1,55707.0,1,428,0,16,68,375,1
0,0,57959.0,1,868,0,27,66,695,2
0,1,56796.0,1,1001,0,27,52,684,2
0,0,36230.0,1,59,0,7,50,441,1
0,1,70829.0,2,431,0,16,41,719,1
0,1,65991.0,1,971,0,27,45,906,2
0,1,38988.0,3,348,0,19,49,864,1
0,0,89572.0,0,2059,3,24,55,838,2
0,1,42207.0,1,265,2,14,37,727,1
0,1,50300.0,1,270,0,13,69,221,1
0,1,66664.0,0,1289,0,19,39,828,2
0,1,60597.0,1,893,2,16,57,365,2
0,0,70165.0,0,926,0,22,72,466,2
0,0,50520.0,1,135,0,9,63,338,1
0,1,80124.0,0,1495,1,19,58,189,2
0,1,33183.0,1,120,0,9,46,311,1
0,0,66582.0,0,1288,0,20,52,304,2
0,1,75261.0,0,1743,3,17,66,618,2
0,0,31880.0,1,15,0,4,51,792,1
0,1,53790.0,2,542,0,20,70,212,1
0,1,49269.0,1,890,0,25,50,869,2
0,1,61456.0,1,1388,0,33,46,645,2
0,1,37406.0,1,17,1,4,41,448,1
0,1,56937.0,1,906,2,30,40,998,2
0,1,38415.0,2,44,0,6,43,699,1
0,0,20518.0,1,25,0,5,33,228,1
0,1,62503.0,1,973,0,26,65,682,2
0,0,41644.0,2,31,0,6,49,118,1
0,1,55842.0,1,518,0,17,44,223,1
0,1,62010.0,1,530,0,19,49,800,2
0,1,41124.0,1,506,0,21,44,792,1
0,1,38961.0,1,70,0,6,48,367,1
0,0,37760.0,1,54,0,6,49,419,1
0,0,32233.0,1,296,2,12,47,865,1
0,1,43057.0,1,266,0,15,46,428,1
0,1,83151.0,0,747,0,19,61,813,2
0,0,78825.0,0,895,1,29,57,839,2
0,1,65104.0,1,1053,0,17,45,413,2
0,1,60093.0,1,735,0,21,47,554,2
0,1,14045.0,1,20,0,5,52,340,1
0,0,28457.0,0,205,0,10,69,795,1
0,1,78952.0,1,2092,0,21,63,829,2
0,0,46310.0,1,309,0,14,45,1025,1
0,1,76005.0,0,1722,1,22,66,678,2
0,0,58308.0,1,900,0,15,57,396,2
0,0,55614.0,0,682,1,20,77,400,2
0,0,59432.0,1,663,0,22,59,628,2
0,0,55563.0,1,43,0,6,43,242,1
0,1,78642.0,1,1816,0,18,50,620,2
0,1,67911.0,1,976,0,27,72,224,2
0,1,65275.0,0,746,0,21,77,668,2
0,1,27203.0,2,64,0,6,71,937,1
0,1,48330.0,1,32,0,5,60,412,1
1,1,24279.0,0,263,0,9,31,733,3
0,1,64355.0,1,1445,0,21,36,860,2
0,1,50943.0,1,46,0,5,65,559,1
0,0,53653.0,0,1210,0,28,68,904,2
0,1,65665.0,1,945,0,24,45,688,2
0,0,81217.0,0,1157,0,22,32,531,2
0,1,34935.0,0,137,0,8,29,559,1
0,0,61250.0,1,730,0,25,62,746,2
0,1,39665.0,1,216,1,12,40,586,1
0,0,60152.0,1,943,0,23,42,644,2
0,1,48920.0,2,347,1,16,57,438,1
0,1,89120.0,0,1924,1,19,62,290,2
0,1,44124.0,1,397,0,17,75,422,1
0,0,81169.0,0,2089,0,22,46,627,2
0,1,36443.0,2,138,0,11,60,670,1
0,0,26095.0,1,42,0,5,31,550,1
0,1,71367.0,0,777,0,17,62,496,2
0,1,80184.0,0,1902,2,20,77,363,2
0,0,30630.0,2,52,0,7,56,339,1
0,0,73454.0,0,1651,1,13,34,363,2
0,1,42691.0,0,358,0,13,30,503,1
0,1,70503.0,0,1727,2,16,68,823,2
0,1,25545.0,1,210,1,10,34,875,1
0,1,32880.0,1,42,0,5,35,994,1
0,1,77863.0,0,1291,0,20,63,400,2
0,1,50353.0,0,442,0,15,44,148,1
0,0,61839.0,0,1895,0,17,57,754,2
0,1,49154.0,2,411,0,19,61,661,1
0,0,47682.0,1,521,0,19,46,685,1
0,0,72679.0,1,1168,0,17,52,470,2
0,1,57954.0,2,493,1,23,44,197,1
0,1,65316.0,2,260,0,12,59,617,1
0,0,28567.0,1,46,0,7,39,563,1
0,1,47352.0,1,319,0,16,70,423,1
0,1,44931.0,1,96,0,7,54,348,1
0,0,76982.0,0,1062,2,16,54,320,2
0,1,57247.0,1,232,0,12,69,511,1
0,0,22944.0,1,76,0,9,40,374,1
0,1,25315.0,1,54,0,9,44,539,1
0,0,43638.0,1,201,0,11,52,937,1
0,0,42710.0,1,406,0,14,37,764,1
0,1,84169.0,0,1919,3,20,39,542,2
0,1,54058.0,1,662,0,20,45,635,2
0,1,24683.0,1,41,0,8,31,151,1
0,0,85620.0,0,1600,1,14,57,184,2
0,1,47850.0,1,134,0,8,41,660,1
0,1,19514.0,2,69,2,10,53,340,1
0,1,27159.0,2,21,0,6,48,278,1
0,0,39548.0,2,54,0,7,58,276,1
0,0,21474.0,1,91,2,8,32,150,1
0,0,60504.0,1,526,0,18,50,183,1
0,1,22419.0,0,162,0,8,58,623,1
0,1,81698.0,0,1008,1,25,72,569,2
0,1,43462.0,2,240,0,16,69,753,1
0,0,54880.0,1,795,0,21,43,728,2
0,1,79908.0,0,1772,1,19,39,607,2
0,1,15315.0,0,64,0,8,51,664,1
0,1,87771.0,1,1957,5,20,62,589,2
0,1,33039.0,1,78,0,7,43,479,1
0,0,81741.0,0,1572,0,19,41,564,2
0,1,71499.0,1,795,0,26,50,555,2
0,1,62466.0,1,889,0,26,51,351,2
0,0,48799.0,1,331,0,15,58,600,1
0,1,52157.0,1,265,0,12,71,179,1
0,0,66565.0,1,1065,0,19,59,964,2
0,1,29298.0,2,11,0,4,70,541,1
0,0,47691.0,1,21,0,4,42,604,1
0,1,38200.0,2,17,0,4,51,903,1
0,1,44989.0,1,369,0,16,47,753,1
0,1,38443.0,2,38,0,6,53,339,1
0,0,38593.0,1,177,0,11,43,475,1
0,1,64413.0,1,279,0,12,51,723,1
0,1,36959.0,1,62,0,7,40,690,1
0,1,61996.0,1,1230,4,21,44,700,2
0,1,51287.0,2,182,0,11,53,362,1
0,1,13260.0,2,49,0,10,51,496,1
0,1,47472.0,2,75,0,8,55,472,1
0,1,54603.0,2,227,0,16,65,481,1
0,1,45207.0,2,215,1,15,47,812,1
0,1,40689.0,1,444,0,20,70,654,1
0,1,47821.0,2,47,0,5,54,438,1
0,1,27450.0,0,143,0,7,70,626,1
0,1,39453.0,1,55,0,7,38,303,1
0,1,26850.0,2,63,0,11,50,258,1
0,0,79800.0,0,1867,4,22,66,830,2
0,1,61794.0,1,611,0,20,60,474,2
0,1,53863.0,1,473,1,18,66,229,2
0,1,24221.0,0,55,0,6,62,499,1
0,0,39684.0,1,81,1,7,37,752,1
0,1,92163.0,0,2086,3,21,46,750,2
0,0,69882.0,0,1478,0,20,56,447,2
0,1,33178.0,1,49,0,5,44,336,1
0,1,59973.0,0,382,0,15,49,418,1
0,1,17459.0,1,69,1,9,46,469,1
0,0,23910.0,1,67,0,6,52,797,1
0,1,42169.0,2,30,0,6,52,439,1
0,1,26224.0,1,63,0,9,43,635,1
0,1,31089.0,1,79,0,10,40,867,1
0,0,30081.0,1,42,0,5,60,679,1
0,1,62807.0,1,819,0,23,61,853,2
0,0,72906.0,0,1151,0,17,66,471,2
0,1,61467.0,2,594,0,20,73,841,2
0,1,49618.0,2,129,0,11,55,705,1
0,0,21888.0,1,213,1,12,35,733,1
0,0,42429.0,1,67,0,7,48,60,1
0,0,26150.0,3,28,0,5,65,424,1
1,1,30801.0,1,45,0,6,46,797,3
0,1,81168.0,0,1193,1,18,56,180,2
0,0,26877.0,0,268,0,12,52,500,1
0,0,45006.0,0,266,0,12,77,532,1
1,1,18978.0,1,37,0,5,48,780,3
0,1,22574.0,3,37,0,7,54,430,1
0,0,48240.0,0,882,1,25,52,842,2
0,1,45837.0,2,373,0,18,47,524,1
0,0,35791.0,3,35,0,6,56,575,1
0,1,162397.0,2,107,0,1,45,666,1
0,0,54162.0,2,42,0,5,43,654,1
0,1,30522.0,1,326,0,17,61,867,1
0,1,54456.0,1,404,0,17,60,420,1
0,0,31632.0,0,95,0,6,50,536,1
0,0,72298.0,0,939,2,14,72,90,2
0,0,36975.0,1,33,0,5,43,369,1
0,1,72635.0,0,981,1,21,66,666,2
0,1,13624.0,1,36,0,7,45,711,1
0,0,84196.0,1,1237,0,20,46,666,2
0,1,70971.0,1,1825,1,34,61,832,2
0,0,34487.0,2,103,0,9,44,936,1
0,0,28769.0,1,191,0,12,44,744,1
0,1,69084.0,1,1586,0,25,51,408,2
0,1,65488.0,0,963,0,14,63,202,2
0,1,62466.0,1,889,0,26,51,351,2
0,0,32218.0,0,93,2,7,61,320,1
0,0,83917.0,0,1587,1,21,48,623,2
0,0,46102.0,3,16,0,4,59,90,1
0,0,84574.0,0,1375,0,32,69,635,2
0,1,56181.0,1,393,0,14,59,518,1
0,0,63120.0,1,1477,1,26,71,825,2
0,1,73691.0,1,1179,1,18,50,569,2
0,1,63381.0,1,1005,0,26,61,966,2
0,1,76140.0,0,1348,0,21,73,233,2
0,0,62859.0,1,1307,0,23,62,732,2
0,0,45906.0,1,486,1,15,57,545,1
0,1,77632.0,0,2252,3,13,74,455,2
0,1,46463.0,2,235,0,17,50,501,1
0,1,105471.0,0,1724,3,30,51,710,2
0,0,55282.0,1,235,0,11,51,384,1
0,1,78710.0,1,1092,0,28,44,223,2
0,1,66886.0,1,599,0,17,63,472,2
0,0,98777.0,0,2008,1,19,61,318,2
0,1,29103.0,1,48,0,6,36,857,1
0,1,67445.0,1,1174,0,32,47,754,2
0,1,50616.0,1,67,0,7,71,263,1
0,0,49431.0,1,365,0,15,66,1029,1
0,0,153924.0,0,6,0,0,46,183,2
0,1,61278.0,1,165,0,10,68,275,1
0,1,26490.0,0,210,0,11,63,831,1
0,1,73059.0,1,1095,0,26,74,488,2
0,0,46734.0,3,223,1,12,55,437,1
0,1,56253.0,1,597,0,22,58,903,2
0,1,19986.0,1,22,0,4,36,413,1
0,0,58330.0,1,1064,0,24,46,372,2
1,1,25965.0,0,74,0,6,41,906,3
0,1,14661.0,0,26,0,5,65,730,1
0,1,18690.0,0,60,0,5,62,734,1
0,1,45068.0,1,20,0,4,47,595,1
1,0,21063.0,1,59,0,7,34,463,3
0,1,29187.0,1,34,0,5,53,483,1
0,1,54690.0,2,198,0,12,50,539,1
0,1,59304.0,1,1048,0,28,57,521,2
0,0,59247.0,2,574,0,21,59,508,1
0,0,66731.0,1,1029,0,17,51,753,2
0,1,77353.0,1,670,0,20,41,381,2
0,0,52614.0,1,990,0,16,46,1085,2
0,1,26751.0,2,11,0,4,47,224,1
0,1,81300.0,1,1241,2,21,58,793,2
0,0,70337.0,0,576,0,17,42,334,2
0,1,36145.0,1,172,2,12,36,564,1
0,0,65295.0,0,664,0,20,41,374,2
0,0,68118.0,1,928,0,23,58,440,2
0,0,68743.0,0,2074,0,30,54,854,2
0,1,41039.0,0,467,0,15,39,525,1
0,1,38946.0,1,257,0,12,66,434,1
0,1,65777.0,0,1146,0,17,54,378,2
0,0,66476.0,1,689,0,20,45,547,2
0,0,86857.0,0,2114,1,22,49,753,2
0,1,160803.0,0,1717,0,44,39,998,2
0,1,77845.0,0,1346,2,21,32,230,2
0,1,69476.0,0,1044,0,15,52,458,2
0,0,50611.0,1,493,2,22,61,996,2
0,0,61209.0,0,957,0,13,51,494,2
0,1,42315.0,1,270,0,12,63,390,1
1,1,13084.0,0,29,0,5,69,689,3
0,0,47570.0,2,121,1,9,72,582,1
0,1,61923.0,2,126,0,8,60,524,1
0,0,34824.0,0,23,0,4,26,281,1
0,0,26518.0,2,57,1,8,72,515,1
0,0,45938.0,0,636,0,20,60,661,2
0,1,78468.0,0,1004,1,28,61,119,2
0,0,78901.0,1,734,0,20,48,471,2
0,1,71427.0,2,614,0,20,43,29,1
0,0,71022.0,1,1453,1,21,43,60,2
0,0,90247.0,0,1621,4,15,33,247,2
0,0,41335.0,1,187,0,12,53,371,1
0,1,71952.0,1,1443,2,22,35,457,2
0,0,35682.0,1,57,0,6,51,188,1
0,0,43185.0,1,637,0,20,70,454,2
0,1,66375.0,1,948,1,14,73,406,2
0,1,35178.0,1,59,2,5,50,457,1
0,1,25252.0,1,18,0,4,35,390,1
0,0,55250.0,1,903,0,26,56,802,2
0,0,33249.0,1,112,0,8,46,680,1
0,1,58398.0,0,596,0,20,68,597,2
0,1,50272.0,1,233,0,13,39,542,1
0,1,76618.0,0,1511,0,11,46,903,2
0,0,87305.0,0,1152,2,17,61,830,2
0,1,25851.0,1,48,0,7,43,425,1
0,0,58710.0,1,1185,0,31,51,641,2
0,0,45160.0,2,21,0,4,63,278,1
0,1,74806.0,1,965,0,16,56,743,2
0,1,59111.0,0,869,0,21,67,695,2
0,1,18988.0,1,16,0,6,37,223,1
0,1,72190.0,0,1947,0,16,56,687,2
0,1,7500.0,1,71,2,12,45,1089,1
0,1,44794.0,1,65,0,6,55,148,1
0,1,80395.0,0,1380,1,24,66,404,2
0,0,75012.0,0,1027,0,23,45,341,2
0,1,56962.0,3,411,0,21,56,417,1
0,1,89891.0,0,836,1,26,30,626,2
0,0,35946.0,2,11,0,4,72,461,1
0,1,53593.0,2,480,0,23,68,907,1
0,1,66373.0,2,606,0,23,43,391,1
0,0,45072.0,3,284,0,16,73,442,1
0,0,89694.0,2,1472,3,14,48,478,2
0,1,72025.0,0,1677,4,26,72,247,2
0,1,67432.0,1,1335,0,19,48,643,2
0,1,70545.0,1,334,0,13,69,301,1
1,1,17487.0,1,18,0,4,32,654,3
0,1,62882.0,1,1338,0,20,52,845,2
0,0,64108.0,1,1099,0,30,68,649,2
0,1,34941.0,2,97,0,8,65,577,1
0,0,48767.0,3,63,0,9,71,365,1
0,1,38702.0,1,109,0,9,43,723,1
0,1,82224.0,0,902,1,21,57,341,2
0,1,83844.0,0,1574,1,20,69,392,2
0,1,17003.0,1,38,0,9,46,476,1
0,0,71163.0,0,960,0,24,26,120,2
0,0,33697.0,1,28,1,4,51,473,1
0,1,63564.0,0,1215,2,28,67,337,2
0,1,83443.0,0,1497,0,22,49,366,2
0,1,51518.0,1,449,0,17,63,662,1
0,0,58330.0,1,1064,0,24,46,372,2
0,1,80952.0,0,1757,4,25,52,672,2
0,1,75507.0,0,1440,0,21,42,330,2
0,1,63855.0,0,1006,0,24,43,486,2
0,1,62220.0,1,1226,1,23,49,784,2
0,1,58512.0,1,1171,0,20,57,469,2
0,1,40662.0,1,92,0,8,42,657,1
0,1,38829.0,1,99,0,8,62,211,1
0,1,35523.0,1,66,0,8,40,662,1
0,0,79146.0,2,564,0,19,54,252,1
0,1,78285.0,0,1427,0,21,33,430,2
0,0,31626.0,1,86,2,6,43,453,1
0,0,75127.0,0,833,0,19,69,224,2
0,1,48726.0,1,242,0,12,66,614,1
0,1,74985.0,0,1869,0,17,44,783,2
0,1,67430.0,0,1364,0,29,34,967,2
0,1,46891.0,1,183,0,8,56,722,1
0,1,62058.0,1,450,0,18,65,585,2
0,1,72063.0,1,758,0,21,42,665,2
0,1,78939.0,0,1507,0,20,70,385,2
0,0,42720.0,2,654,1,25,56,617,2
0,1,33622.0,2,81,0,9,49,628,1
0,1,6835.0,1,137,0,1,64,872,1
0,1,41452.0,2,16,0,4,68,577,1
0,0,40760.0,1,93,0,8,56,489,1
0,1,74250.0,0,1158,0,18,63,340,2
0,0,51124.0,2,43,0,6,66,379,1
0,0,72258.0,1,1525,0,22,50,388,2
0,0,71466.0,0,1230,0,19,47,242,2
0,1,36283.0,2,29,0,6,45,262,1
0,0,20587.0,1,25,0,5,51,57,1
0,1,30467.0,1,24,0,4,49,288,1
0,1,31590.0,1,38,0,5,49,562,1
1,1,20425.0,1,57,0,7,35,794,3
0,1,17144.0,2,47,0,12,61,320,1
0,0,42564.0,1,813,2,24,53,699,2
0,1,43783.0,1,629,1,22,43,217,2
0,0,40780.0,1,377,0,17,45,875,1
0,1,62847.0,0,1612,0,14,76,716,2
0,1,82017.0,0,729,4,17,64,904,2
0,0,16813.0,0,50,1,6,71,531,1
0,1,51267.0,2,270,0,15,43,429,1
0,0,46524.0,1,177,0,9,60,607,1
0,0,45183.0,0,315,1,13,59,711,1
0,1,70421.0,1,767,0,23,67,187,2
0,0,60161.0,1,1071,0,26,56,800,2
0,1,73926.0,0,1580,0,24,48,697,2
0,1,19329.0,1,60,0,10,53,383,1
0,1,61872.0,1,573,0,21,51,384,2
0,0,46984.0,2,41,0,5,65,646,1
0,1,34838.0,2,170,0,10,70,712,1
0,0,82716.0,0,1167,0,28,77,600,2
0,1,48192.0,0,1526,4,25,63,576,2
0,1,49681.0,2,458,0,21,45,630,1
0,1,56850.0,1,63,0,6,50,284,1
0,1,55267.0,1,405,0,17,64,437,1
0,1,59666.0,2,1027,1,20,49,650,2
0,0,72504.0,1,1478,0,22,49,576,2
0,1,26872.0,0,72,0,5,40,442,1
0,0,21359.0,1,48,1,7,49,621,1
0,0,73170.0,0,726,0,16,46,215,2
0,1,52750.0,1,860,0,27,66,639,2
0,1,91820.0,0,1497,0,22,35,404,2
0,1,65968.0,1,495,0,18,51,27,1
0,1,30772.0,2,20,0,4,45,29,1
0,0,22507.0,0,570,0,19,67,768,2
0,1,65685.0,1,769,0,21,49,278,2
0,1,25804.0,1,55,0,7,43,722,1
0,0,76412.0,0,1808,3,18,41,606,2
0,1,22063.0,1,55,0,7,49,511,1
0,0,57091.0,0,577,2,18,60,200,2
0,1,22419.0,0,162,0,8,58,623,1
0,1,87771.0,1,1957,5,20,62,589,2
0,0,78353.0,1,1576,0,24,62,625,2
0,1,93404.0,3,1616,2,17,67,545,2
0,0,37859.0,3,36,0,6,59,396,1
0,0,80995.0,1,1482,0,22,63,422,2
0,1,16529.0,1,22,0,5,37,363,1
0,0,55412.0,2,63,0,6,45,405,1
0,0,48789.0,0,680,0,18,29,814,2
0,1,56575.0,2,542,0,20,54,606,1
0,1,25130.0,1,50,0,7,41,690,1
0,1,35441.0,2,39,0,6,54,686,1
0,1,71391.0,1,1043,0,28,65,643,2
0,0,49494.0,1,385,0,14,49,616,1
0,0,81702.0,0,1633,0,27,41,830,2
0,0,45889.0,1,46,0,5,41,693,1
0,0,56628.0,1,761,1,20,44,286,2
0,1,34026.0,2,76,0,9,71,603,1
0,1,40049.0,1,290,0,14,47,763,1
0,0,34176.0,1,89,0,11,33,27,1
0,1,19419.0,1,70,0,11,40,812,1
0,1,82504.0,0,1066,0,17,61,523,2
0,1,81205.0,0,2009,4,19,51,353,2
0,0,61618.0,0,1345,0,19,30,824,2
0,0,55284.0,1,764,0,23,65,738,2
0,0,49980.0,1,195,0,11,58,435,1
0,1,15072.0,2,53,0,11,41,453,1
0,0,49166.0,1,368,0,13,47,567,1
0,1,65324.0,1,544,0,20,67,61,2
0,1,82347.0,0,1853,2,25,64,934,2
0,1,30843.0,2,35,1,6,55,220,1
0,1,46374.0,1,446,3,18,47,290,2
0,0,60474.0,1,1180,0,31,42,727,2
0,1,38576.0,1,41,0,5,48,273,1
0,1,55357.0,2,727,0,22,36,681,1
0,1,37758.0,2,40,0,6,55,996,1
0,1,85710.0,0,1062,1,26,32,606,2
0,1,23228.0,1,40,0,7,52,340,1
0,1,44602.0,2,292,0,17,52,320,1
0,1,7500.0,0,15,0,4,34,487,1
0,1,38683.0,1,341,0,17,32,996,1
0,0,49514.0,1,369,0,13,46,380,1
0,1,57906.0,1,401,0,17,48,421,1
0,0,43456.0,1,393,0,17,55,646,1
0,0,19485.0,2,10,0,4,35,464,1
0,1,53172.0,1,486,0,16,43,575,1
0,1,30545.0,1,69,0,7,42,806,1
0,1,70123.0,0,1727,2,17,38,460,2
0,0,62450.0,1,995,1,16,62,214,2
0,1,21675.0,1,45,0,10,45,56,1
0,0,42395.0,2,182,0,12,40,272,1
0,1,61346.0,1,989,0,23,43,570,2
0,1,80812.0,0,1677,3,18,68,471,2
0,0,42835.0,2,595,0,23,50,550,1
0,1,39922.0,1,156,0,9,38,686,1
0,0,86424.0,0,1226,0,28,65,242,2
0,1,17117.0,1,128,0,11,43,714,1
0,0,24762.0,1,86,2,9,49,91,1
0,1,35797.0,1,68,0,7,46,807,1
0,0,36627.0,2,16,0,4,46,527,1
0,1,51111.0,2,55,0,7,40,196,1
0,0,86857.0,0,2114,1,22,49,753,2
0,1,82072.0,0,2018,0,19,51,693,2
0,0,46231.0,3,263,0,15,68,766,1
0,1,42243.0,2,55,0,7,62,415,1
0,1,51195.0,2,564,0,24,59,727,1
0,0,68092.0,0,1281,0,20,43,381,2
0,1,31814.0,1,83,1,7,48,486,1
0,0,51390.0,2,353,0,18,56,875,1
0,1,76630.0,0,1003,0,25,38,352,2
1,0,26868.0,1,14,0,4,30,246,3
0,0,48948.0,0,902,2,24,78,729,2
0,0,55260.0,1,1139,0,25,49,750,2
0,1,64090.0,1,797,1,20,65,542,2
0,0,78331.0,1,1638,0,25,63,343,2
0,1,37087.0,1,401,0,17,47,419,1
0,0,21846.0,1,84,0,11,35,436,1
0,1,81320.0,0,928,0,18,63,578,2
0,0,54137.0,1,203,0,11,51,503,1
0,1,66825.0,0,858,0,16,54,536,2
0,1,57100.0,0,409,0,13,48,629,1
0,1,58917.0,3,282,0,16,52,648,1
0,0,85072.0,0,1423,0,18,44,119,2
0,0,86429.0,0,1449,2,18,60,406,2
0,0,45684.0,1,28,0,4,50,688,1
0,1,47889.0,1,67,0,6,47,275,1
0,1,45921.0,0,199,0,10,35,90,1
0,0,78420.0,0,1453,0,22,55,551,2
0,1,75114.0,0,1253,0,19,29,539,2
0,0,52278.0,1,1198,1,31,58,706,2
0,1,35641.0,1,178,1,10,49,536,1
0,0,95529.0,0,1990,2,18,27,1025,2
0,1,62820.0,0,976,0,14,67,422,2
0,1,73113.0,0,1001,0,15,61,371,2
0,1,84169.0,0,1919,3,20,39,542,2
0,0,42607.0,1,350,0,14,67,410,1
0,0,74637.0,0,1650,1,25,67,593,2
0,1,46015.0,2,46,2,5,66,263,1
0,0,72354.0,0,1228,0,19,28,624,2
0,0,39858.0,1,95,1,7,52,707,1
0,1,34469.0,2,62,0,9,73,271,1
0,1,83033.0,1,1761,1,26,35,228,2
0,1,24401.0,0,467,0,16,42,853,1
0,1,77583.0,0,1149,1,19,43,91,2
0,0,74116.0,0,2052,1,19,39,367,2
0,0,74293.0,0,1127,0,16,28,271,2
0,1,68397.0,1,1416,0,21,45,410,2
0,1,79632.0,0,1113,0,20,47,150,2
0,0,46107.0,1,125,0,7,32,91,1
0,0,64950.0,1,966,1,25,70,754,2
1,1,25443.0,1,32,0,5,32,740,3
0,0,75127.0,0,833,0,19,69,224,2
0,1,32892.0,1,46,0,8,50,221,1
0,1,71796.0,0,960,0,17,50,434,2
0,1,67536.0,1,1829,1,30,51,589,2
0,0,55239.0,1,779,0,26,50,536,2
0,0,60554.0,1,811,0,23,46,480,2
0,0,64831.0,2,1120,0,22,69,452,2
0,1,56067.0,1,725,0,20,59,530,2
0,0,82025.0,0,1187,2,12,38,583,2
0,1,94384.0,0,2302,4,18,68,638,2
1,0,14906.0,0,66,0,9,35,740,3
0,1,51563.0,0,1250,2,19,34,1087,2
0,1,57937.0,1,683,0,20,39,319,1
0,0,68274.0,2,305,0,13,42,458,1
0,1,39771.0,1,50,0,6,44,568,1
0,0,67893.0,1,995,0,16,46,1087,2
0,1,27922.0,1,41,0,6,42,88,1
0,1,52190.0,2,77,1,9,45,149,1
0,0,44051.0,2,171,1,12,48,702,1
0,0,42767.0,2,131,0,7,50,422,1
0,1,46106.0,2,54,0,5,45,57,1
0,1,16927.0,2,53,0,12,45,456,1
0,1,59754.0,1,475,1,16,56,1085,2
0,0,53700.0,1,694,0,22,69,867,2
0,1,59041.0,2,96,0,8,48,180,1
0,0,54237.0,1,361,0,16,64,614,1
0,0,70647.0,1,1079,0,26,54,832,2
0,0,52597.0,1,578,0,20,59,180,1
0,1,41021.0,1,64,1,7,52,732,1
0,1,40233.0,1,149,0,13,46,444,1
0,1,50183.0,2,231,0,17,41,190,1
0,1,54753.0,1,728,0,21,62,388,2
0,1,92955.0,0,1778,3,23,48,500,2
0,1,33471.0,1,93,0,10,48,752,1
0,1,34596.0,1,23,1,4,47,628,1
0,1,44010.0,1,662,0,24,41,810,2
0,1,84219.0,0,1198,0,18,33,333,2
0,1,40706.0,3,81,0,11,53,714,1
0,1,15716.0,1,92,0,10,33,751,1
0,0,59052.0,1,491,0,18,62,410,1
0,1,80573.0,0,1564,0,24,50,809,2
0,1,83715.0,0,926,0,24,59,305,2
0,1,82576.0,0,1910,1,19,62,1089,2
0,1,56962.0,3,411,0,21,56,417,1
0,1,35704.0,2,94,0,9,69,306,1
0,1,53103.0,1,1085,1,28,67,388,2
0,0,46779.0,2,23,0,4,61,390,1
0,0,4861.0,0,6,0,0,56,193,1
0,0,33462.0,1,54,0,6,42,542,1
0,0,63693.0,1,1150,0,29,43,444,2
0,1,80763.0,0,1415,3,23,71,504,2
0,1,65352.0,1,405,0,16,47,498,1
0,1,82170.0,0,1908,0,19,43,402,2
0,1,75759.0,0,2486,4,26,52,433,2
0,0,79689.0,0,1315,0,27,45,392,2
0,0,35340.0,2,45,0,7,65,186,1
0,0,85683.0,0,1789,5,17,67,286,2
0,1,24884.0,1,19,0,4,49,763,1
0,1,42021.0,1,573,1,22,40,853,2
0,0,64449.0,1,805,0,24,32,317,2
0,0,64587.0,2,108,0,8,67,193,1
0,0,34824.0,0,23,0,4,26,281,1
0,1,75437.0,0,1493,1,23,43,477,2
0,1,26091.0,2,89,0,9,64,310,1
0,1,52845.0,1,936,1,25,48,506,2
0,0,46086.0,1,343,0,16,65,661,1
0,0,78028.0,1,528,3,20,65,814,2
0,0,95169.0,0,1901,3,12,34,478,2
0,1,56337.0,2,724,3,22,40,645,2
0,1,22434.0,1,58,0,7,34,687,1
0,1,36930.0,1,297,0,16,67,594,1
0,0,36130.0,1,488,2,21,67,698,2
0,1,65569.0,1,859,0,23,68,965,2
0,1,83844.0,0,1574,1,20,69,392,2
0,1,19514.0,2,69,1,10,53,340,1
0,0,36736.0,2,17,0,4,58,453,1
0,1,77568.0,1,2194,3,21,42,859,2
0,1,49187.0,1,116,0,8,45,61,1
0,0,30168.0,1,279,0,18,43,547,1
0,1,34053.0,1,103,0,7,53,814,1
0,1,38196.0,2,44,0,9,50,258,1
0,1,59412.0,0,406,0,15,70,257,2
0,1,70924.0,0,1363,1,20,56,181,2
0,1,54165.0,0,236,0,11,52,583,1
0,1,32300.0,1,39,0,5,48,671,1
0,0,20180.0,0,137,0,8,45,680,1
0,1,34961.0,1,79,0,10,48,196,1
0,1,28440.0,1,63,0,6,47,543,1
0,1,64504.0,3,1314,1,25,68,638,2
0,1,33564.0,1,71,0,6,55,191,1
0,1,17345.0,1,58,0,7,43,1026,1
0,1,56320.0,1,702,0,21,54,515,2
0,0,28647.0,1,94,2,7,43,498,1
1,0,15038.0,1,80,0,7,34,702,3
0,0,32173.0,1,22,0,5,63,723,1
0,1,68316.0,1,1211,0,32,57,995,2
0,1,74538.0,0,1461,2,22,50,551,2
0,0,91700.0,0,1968,1,20,50,714,2
0,1,68695.0,0,1091,0,16,52,190,2
0,1,31056.0,1,55,0,5,44,709,1
0,1,79593.0,0,1366,1,19,48,27,2
0,0,28071.0,0,313,0,13,41,855,1
0,1,37334.0,2,62,0,11,63,309,1
0,0,46423.0,2,92,0,9,49,470,1
0,1,37126.0,1,72,2,6,50,277,1
0,1,47703.0,1,655,0,21,68,582,2
0,1,61180.0,1,704,1,18,62,253,2
0,1,38998.0,2,54,0,8,67,1026,1
0,0,8028.0,0,178,0,16,30,835,1
0,1,76081.0,0,1033,1,14,59,223,2
0,1,34728.0,1,36,1,5,35,520,1
0,0,33168.0,1,122,0,10,56,810,1
0,1,33585.0,1,122,0,7,55,463,1
0,1,77037.0,1,1123,0,27,61,445,2
0,1,35196.0,1,497,1,18,37,779,1
0,1,44529.0,1,691,1,25,55,604,2
0,1,70924.0,0,1363,1,20,56,181,2
0,1,28764.0,2,12,1,4,55,240,1
0,1,69098.0,0,2440,0,25,72,684,2
0,0,25959.0,2,56,1,7,51,686,1
0,1,27100.0,1,37,0,5,38,607,1
0,0,70596.0,0,968,0,21,36,966,2
0,1,42557.0,1,270,0,15,47,855,1
0,1,53312.0,0,278,0,12,70,480,1
0,0,72228.0,0,1250,0,22,69,765,2
0,1,67605.0,0,938,0,17,34,641,2
0,1,62845.0,2,1178,1,28,72,1087,2
0,1,65196.0,2,1155,1,26,63,525,2
0,0,42000.0,0,653,1,20,34,457,2
0,0,35860.0,2,49,1,6,48,227,1
0,1,65526.0,1,506,0,17,57,58,1
0,1,16860.0,2,38,0,8,60,753,1
0,0,83528.0,0,1650,3,23,29,361,2
0,0,64176.0,1,1826,0,33,56,1029,2
0,0,22304.0,0,18,0,4,65,998,1
0,1,67023.0,0,906,0,24,43,273,2
0,1,32892.0,1,46,0,8,50,221,1
0,1,70713.0,1,1477,0,25,55,1025,2
0,1,59925.0,1,766,0,23,66,762,2
0,1,39722.0,1,47,0,7,68,311,1
0,1,46610.0,0,467,0,14,63,532,1
0,1,88347.0,0,2116,1,21,60,665,2
0,1,87171.0,0,1298,2,25,40,726,2
0,1,26907.0,2,22,0,6,45,499,1
0,0,50014.0,1,396,0,15,53,344,1
0,1,41014.0,1,20,0,4,43,619,1
0,0,66294.0,0,967,0,13,56,290,2
0,1,36715.0,1,357,1,19,50,775,1
0,1,79456.0,0,1401,1,16,65,862,2
0,1,40479.0,1,15,0,4,39,502,1
0,0,75345.0,0,2087,2,20,51,698,2
0,1,54233.0,1,981,0,26,44,639,2
0,0,24163.0,2,17,0,6,51,387,1
0,1,84460.0,0,523,5,22,63,640,2
0,1,43776.0,1,23,0,4,38,302,1
0,0,71691.0,0,1192,1,17,63,290,2
0,1,85844.0,0,1958,1,20,48,217,2
0,0,39190.0,1,133,0,9,47,250,1
0,1,71367.0,0,777,0,17,62,496,2
0,0,38578.0,2,73,0,9,49,558,1
0,1,57236.0,2,121,0,10,56,29,1
0,0,61825.0,1,424,0,15,42,542,1
0,0,79803.0,1,868,0,13,63,329,2
0,0,80910.0,0,756,0,15,35,792,2
0,1,27590.0,1,12,0,4,39,618,1
0,1,56775.0,1,937,0,25,42,699,2
0,0,83829.0,0,1862,4,17,46,509,2
0,1,54210.0,1,367,0,14,42,591,1
0,1,38508.0,1,443,0,20,35,692,1
0,1,53187.0,1,267,0,13,51,432,1
0,1,30023.0,1,61,0,6,49,283,1
0,0,76045.0,0,1323,1,21,61,412,2
0,1,50870.0,1,63,0,6,69,196,1
0,1,15315.0,0,64,0,8,51,664,1
0,1,65463.0,1,562,1,19,47,336,2
0,1,66480.0,2,312,0,19,56,215,1
0,0,76773.0,0,1156,0,16,67,675,2
0,0,81698.0,0,1104,2,16,38,728,2
0,0,54466.0,2,16,0,4,48,121,1
0,0,98777.0,0,2008,1,19,61,318,2
0,0,16269.0,1,44,0,9,37,489,1
0,1,71819.0,1,1574,2,14,50,491,2
0,1,33569.0,1,63,2,5,38,442,1
0,1,36262.0,0,426,2,12,38,468,1
1,1,22634.0,0,96,0,6,55,715,3
0,1,47025.0,1,635,0,23,43,388,2
0,0,70566.0,1,757,0,22,53,570,2
0,1,31605.0,1,125,0,9,42,770,1
0,0,52034.0,2,332,0,16,48,594,1
0,0,48526.0,1,135,0,8,42,373,1
0,1,46734.0,1,330,0,14,67,774,1
0,0,39552.0,2,384,1,20,59,744,1
0,0,86358.0,2,1722,0,18,55,876,2
0,1,46931.0,3,78,0,7,44,252,1
1,0,16581.0,0,24,0,4,36,396,3
0,0,63998.0,0,1168,1,25,69,377,2
0,1,67381.0,1,957,1,17,70,716,2
0,0,25930.0,2,15,0,4,54,448,1
0,1,42693.0,1,57,0,5,43,179,1
0,1,85606.0,1,1956,1,24,45,751,2
0,0,72903.0,0,2013,4,21,36,429,2
0,1,49669.0,1,326,0,14,47,222,1
0,1,36778.0,2,77,0,9,53,968,1
0,0,85696.0,0,1313,1,20,59,667,2
0,0,10979.0,0,30,0,8,32,224,1
0,1,49678.0,1,315,0,14,60,698,1
0,1,56129.0,1,660,0,22,68,560,2
0,1,37155.0,1,74,0,7,32,700,1
0,0,21282.0,1,46,0,7,43,57,1
0,0,33419.0,1,86,0,8,59,502,1
0,0,63285.0,0,1103,0,25,76,600,2
0,1,21255.0,1,61,0,11,47,345,1
0,1,42162.0,1,145,2,9,40,408,1
0,1,54450.0,2,684,0,31,65,839,2
0,1,57744.0,1,411,0,16,67,386,1
0,0,26576.0,1,27,2,4,35,810,1
0,0,57513.0,0,1060,0,27,78,573,2
0,1,68142.0,1,1459,0,24,57,855,2
0,1,7500.0,1,18,0,4,42,855,1
0,1,83145.0,0,1833,2,26,47,831,2
0,1,54197.0,1,237,0,12,61,303,1
0,0,23091.0,2,48,0,10,58,218,1
0,1,46049.0,2,515,1,26,45,529,1
0,1,56715.0,0,1020,0,15,47,964,2
0,1,79410.0,0,1370,0,11,60,217,2
0,1,57304.0,1,1026,0,25,70,424,2
0,1,44375.0,1,301,0,12,56,284,1
0,1,54450.0,2,684,0,31,65,839,2
0,1,59594.0,1,499,1,17,56,803,2
0,1,80685.0,0,1004,0,21,27,862,2
0,1,40344.0,1,218,0,12,47,445,1
0,1,62710.0,1,606,0,22,49,588,2
0,1,48985.0,1,75,0,6,53,604,1
0,1,35322.0,3,106,0,9,53,862,1
0,1,77142.0,0,990,0,17,73,582,2
0,0,81657.0,0,1097,0,16,52,344,2
1,1,14421.0,0,16,1,4,25,318,3
0,1,20130.0,0,34,0,5,47,290,1
0,1,74214.0,0,1711,0,16,31,858,2
0,1,66726.0,2,438,1,17,64,31,1
1,1,23724.0,1,75,0,7,42,518,3
0,1,47353.0,1,225,0,13,61,414,1
0,1,33444.0,2,18,0,4,69,1026,1
0,1,54386.0,1,470,0,17,40,594,1
0,0,28510.0,2,91,0,9,40,628,1
0,0,90638.0,0,2525,1,18,30,322,2
0,1,48070.0,1,504,0,19,71,718,1
0,1,43140.0,1,235,0,11,64,610,1
0,0,54959.0,1,1232,2,21,60,712,2
1,0,15056.0,2,88,0,12,63,667,3
0,0,26954.0,1,17,0,4,50,149,1
0,0,22327.0,1,24,0,5,36,692,1
0,1,44393.0,2,60,0,7,56,497,1
0,0,62000.0,1,1020,1,26,69,494,2
0,1,31497.0,1,155,0,10,59,933,1
0,1,45894.0,2,51,0,5,47,308,1
0,0,78579.0,0,1812,1,16,51,740,2
0,0,67369.0,1,1461,3,25,52,775,2
0,0,58401.0,1,96,0,6,61,256,1
0,0,62307.0,1,160,0,9,69,318,1
0,1,43641.0,2,139,0,10,52,619,1
0,0,63841.0,1,908,0,22,53,620,2
0,1,46891.0,1,183,0,8,56,722,1
0,1,70091.0,1,1161,1,19,52,641,2
0,1,78075.0,0,988,0,14,49,242,2
0,0,59184.0,1,1072,0,27,60,844,2
0,1,54809.0,2,174,0,12,44,418,1
0,1,58113.0,1,758,0,22,62,706,2
0,1,51412.0,1,195,0,11,63,366,1
0,0,15287.0,1,31,2,6,42,813,1
0,1,66636.0,0,1084,0,17,64,502,2
0,1,50965.0,1,685,1,22,65,680,2
0,1,84618.0,0,1672,1,26,56,405,2
0,1,18351.0,0,43,0,6,31,429,1
0,1,40451.0,2,49,1,5,64,319,1
0,1,36317.0,1,133,0,9,56,589,1
0,1,42213.0,1,363,1,15,64,387,1
0,1,65748.0,1,545,0,18,66,626,2
0,1,77044.0,1,1065,1,31,49,431,2
0,1,74918.0,0,2047,1,21,52,394,2
0,1,56721.0,2,296,0,15,49,792,1
0,0,42160.0,2,140,1,11,46,552,1
0,0,61559.0,1,530,0,17,56,533,1
0,1,33629.0,2,152,0,13,58,876,1
0,1,68682.0,0,1598,0,24,30,570,2
0,0,34377.0,1,114,0,8,58,712,1
1,0,8940.0,1,101,0,10,35,862,3
0,1,26228.0,1,25,0,4,48,466,1
0,0,77297.0,0,789,1,22,64,705,2
0,1,40211.0,2,87,1,7,40,520,1
0,0,33438.0,2,90,0,11,63,466,1
0,1,75032.0,1,1215,0,20,62,613,2
0,0,61284.0,0,811,1,22,66,387,2
0,1,22518.0,1,61,2,7,35,801,1
0,1,54730.0,1,405,0,18,46,504,1
0,1,38452.0,2,72,0,9,66,277,1
0,0,44421.0,2,189,0,14,50,685,1
0,1,38197.0,1,40,0,5,35,551,1
0,0,41986.0,1,63,0,10,43,121,1
0,1,28427.0,1,52,0,7,38,651,1
0,1,37395.0,1,39,0,5,45,330,1
0,1,64722.0,1,805,0,25,50,220,2
0,1,55249.0,1,130,0,8,65,259,1
0,1,84906.0,0,1631,3,24,49,631,2
0,1,28691.0,1,34,0,5,32,634,1
0,0,44213.0,2,152,0,12,69,398,1
1,0,25707.0,1,21,0,5,37,348,3
0,1,59062.0,3,71,0,7,54,662,1
0,0,76624.0,1,899,1,23,59,222,2
0,1,66000.0,0,711,0,10,74,256,2
0,1,27683.0,1,351,0,16,43,998,1
0,0,1730.0,0,8,0,15,50,228,1
1,0,7500.0,1,119,0,11,29,1025,3
0,1,40521.0,2,21,0,4,53,607,1
0,1,20427.0,1,10,0,4,48,283,1
0,1,65106.0,1,973,1,27,46,222,2
0,1,69969.0,0,1536,3,13,56,492,2
0,1,67433.0,2,992,1,28,69,534,2
0,1,77766.0,1,1529,2,34,54,678,2
0,1,74716.0,1,860,0,17,49,388,2
0,0,68118.0,1,928,0,23,58,440,2
0,1,55158.0,2,418,1,18,51,885,1
0,1,62972.0,1,587,1,16,66,1029,2
0,1,74190.0,1,641,0,19,46,27,2
0,1,39356.0,2,23,1,4,45,288,1
0,1,76653.0,0,2279,2,23,52,503,2
0,0,35860.0,2,49,1,6,48,227,1
0,0,90687.0,0,1779,2,17,38,589,2
0,1,73450.0,0,1804,2,27,39,599,2
0,1,31454.0,2,48,0,8,61,573,1
0,0,47139.0,2,83,1,7,69,212,1
0,0,83829.0,0,1862,4,17,46,509,2
0,1,53378.0,2,793,1,29,58,829,2
0,1,19656.0,1,84,0,9,51,517,1
0,1,45579.0,1,183,0,10,73,499,1
0,0,85485.0,0,1383,0,19,63,194,2
0,1,55956.0,0,999,1,16,77,181,2
0,0,64191.0,1,825,0,24,58,709,2
0,0,38808.0,1,246,2,14,49,858,1
0,1,57183.0,2,610,0,25,55,653,2
0,0,23748.0,1,76,0,9,53,771,1
0,1,66303.0,1,1286,1,22,50,674,2
0,1,37368.0,1,30,1,4,46,381,1
0,1,40800.0,3,99,0,8,57,730,1
0,0,71847.0,0,1192,1,22,43,832,2
0,1,46149.0,1,362,0,18,46,398,1
0,1,78687.0,0,2130,2,19,38,845,2
0,0,49118.0,0,1229,3,28,50,866,2
0,1,37633.0,2,38,0,6,64,833,1
0,1,39767.0,0,485,0,17,70,529,2
1,1,26997.0,0,434,0,13,70,965,3
0,0,33986.0,1,44,0,5,51,658,1
0,1,57091.0,1,496,2,18,49,769,2
0,1,46831.0,2,78,0,7,52,513,1
0,1,83151.0,0,2346,4,23,49,456,2
0,1,52531.0,0,794,0,21,50,732,2
0,1,15759.0,0,17,0,4,65,602,1
0,0,22804.0,1,26,0,5,50,519,1
0,1,43050.0,1,76,0,8,48,289,1
0,0,42997.0,2,15,0,4,44,538,1
0,0,48918.0,2,62,0,7,58,28,1
0,1,60033.0,1,198,0,10,67,278,1
0,1,34043.0,1,49,0,5,43,433,1
0,1,57811.0,1,802,1,25,55,556,2
0,1,78569.0,0,1736,2,15,75,316,2
0,0,7500.0,2,57,0,10,43,735,1
0,1,157733.0,1,59,0,2,50,635,2
0,1,94384.0,0,2302,4,18,68,638,2
0,1,23148.0,0,37,0,6,36,317,1
0,0,44267.0,2,310,0,16,51,675,1
0,1,71626.0,0,1305,1,19,42,1086,2
0,1,60894.0,1,832,0,26,55,552,2
0,1,50200.0,2,401,0,19,45,668,1
0,1,81051.0,0,1501,2,23,56,223,2
0,1,65169.0,0,1189,5,28,39,352,2
0,1,59868.0,1,1194,0,32,49,528,2
0,1,65695.0,1,656,0,21,61,335,2
0,0,64857.0,0,1540,0,23,65,769,2
0,1,45143.0,1,311,0,15,56,493,1
0,1,74805.0,1,820,0,26,66,569,2
0,1,59060.0,1,274,0,14,32,61,1
0,0,27238.0,2,57,0,9,59,621,1
0,1,47009.0,1,448,0,17,56,721,1
0,1,46094.0,2,44,0,5,48,87,1
0,1,40321.0,2,102,0,8,49,521,1
0,1,37235.0,1,61,0,5,37,364,1
0,1,81843.0,0,1643,0,27,61,619,2
0,1,46692.0,1,397,0,15,63,574,1
0,1,77382.0,1,1121,1,26,53,184,2
0,0,37774.0,2,473,2,16,44,1028,1
1,1,18393.0,1,50,0,8,47,278,3
0,1,72828.0,1,1678,0,28,59,686,2
0,1,24711.0,0,58,0,7,39,258,1
0,1,45503.0,1,170,0,9,46,463,1
0,0,6560.0,0,373,0,2,39,385,1
0,1,71604.0,0,1196,2,17,76,410,2
0,1,27244.0,1,101,0,8,42,182,1
0,1,48752.0,2,316,1,17,52,750,1
0,1,71434.0,1,1400,2,21,59,470,2
0,0,90842.0,0,1424,0,27,73,521,2
0,1,88097.0,1,844,4,20,43,866,2
0,1,51948.0,1,311,0,13,46,471,1
0,1,71853.0,0,1149,0,17,39,514,2
0,1,35876.0,0,129,0,8,38,256,1
0,0,40049.0,1,32,0,5,69,442,1
0,0,39660.0,1,299,1,14,39,876,1
0,1,50127.0,1,320,1,13,59,217,1
0,1,43263.0,1,441,0,16,44,771,1
0,1,62845.0,2,1178,2,28,72,1087,2
0,1,18929.0,0,85,0,6,31,684,1
1,0,24367.0,1,24,0,4,39,652,3
0,0,33249.0,1,112,0,8,46,680,1
0,1,26887.0,1,30,0,5,62,456,1
0,1,50150.0,0,410,0,16,38,560,1
0,1,62061.0,1,800,1,24,45,488,2
0,0,85696.0,0,1313,1,20,59,667,2
0,1,76542.0,0,1483,0,23,65,642,2
0,0,70515.0,0,1258,1,17,28,437,2
0,1,18227.0,1,28,0,4,34,873,1
0,1,69139.0,1,227,0,11,56,339,1
0,1,69109.0,0,1555,2,20,39,842,2
0,0,69627.0,1,861,0,23,59,655,2
0,1,38136.0,1,103,1,8,43,619,1
0,0,62159.0,0,634,0,19,75,248,2
0,0,80695.0,0,1918,0,19,58,368,2
0,0,33316.0,2,131,0,10,50,631,1
0,1,58554.0,2,586,0,22,53,827,1
1,1,17256.0,1,62,1,7,29,404,3
0,0,53034.0,2,447,0,22,47,581,1
0,1,52203.0,0,939,0,27,71,884,2
0,0,59601.0,1,797,1,15,44,525,2
0,0,75154.0,1,1143,1,16,63,997,2
0,0,47025.0,1,415,0,17,45,539,1
0,1,37971.0,1,30,0,5,48,402,1
0,0,41335.0,1,187,0,12,53,371,1
0,1,67267.0,1,251,0,11,63,233,1
0,0,57338.0,1,237,0,12,46,247,1
0,1,50523.0,2,91,0,8,61,372,1
0,0,35791.0,3,35,0,6,56,575,1
0,0,50611.0,1,493,1,22,61,996,2
0,1,56242.0,1,971,0,28,52,669,2
0,0,48904.0,1,371,0,17,61,1054,1
0,0,56243.0,3,396,0,20,46,367,1
0,1,21355.0,1,68,2,7,36,499,1
0,1,57420.0,1,322,1,15,50,555,1
0,1,52247.25135379061,1,317,0,14,51,727,1
0,0,46390.0,1,222,0,10,66,241,1
0,1,54342.0,2,177,0,12,65,665,1
0,1,52247.25135379061,2,45,0,5,63,1028,1
0,0,52247.25135379061,2,21,0,4,57,31,1
0,1,20895.0,1,45,0,6,48,935,1
0,1,92344.0,0,1899,2,20,73,351,2
0,1,52247.25135379061,1,42,0,5,49,332,1
0,1,26907.0,2,22,0,6,45,499,1
0,1,44964.0,2,41,0,5,41,746,1
0,1,75507.0,0,1440,0,21,42,330,2
0,1,53761.0,2,325,0,17,49,417,1
0,1,22682.0,1,95,0,10,48,662,1
0,1,38887.0,1,42,0,5,49,332,1
0,0,41658.0,2,72,0,6,46,842,1
0,1,29791.0,1,20,0,7,49,231,1
0,1,63915.0,2,789,0,23,65,520,2
0,0,39996.0,2,15,0,4,47,224,1
0,0,26759.0,1,59,0,8,49,183,1
0,0,63841.0,1,908,0,22,53,620,2
0,1,51039.0,2,417,0,14,52,811,1
0,1,60544.0,2,289,0,15,60,859,1
0,1,65685.0,1,769,0,21,49,278,2
0,1,37716.0,1,188,0,10,68,255,1
0,0,36864.0,1,354,1,14,64,871,1
0,1,44511.0,1,727,0,26,51,752,2
0,1,36947.0,2,146,0,11,54,907,1
0,1,47352.0,1,319,0,16,70,423,1
0,1,67087.0,1,794,0,22,68,380,2
0,1,57045.0,1,454,0,18,71,875,2
0,0,36957.0,2,152,1,11,68,936,1
0,1,69389.0,1,797,0,22,44,825,2
0,1,80134.0,1,1690,4,16,49,591,2
0,1,43142.0,2,20,0,4,52,317,1
0,1,80589.0,0,1428,2,21,77,344,2
0,0,34412.0,1,209,0,11,31,687,1
0,0,57537.0,1,545,0,19,42,452,1
1,1,22634.0,0,96,0,6,55,715,3
0,1,51315.0,0,222,0,10,73,312,1
0,1,36026.0,3,61,0,7,49,291,1
0,1,24639.0,2,44,0,9,48,338,1
0,1,34578.0,3,8,0,4,49,58,1
0,0,65704.0,0,817,0,23,49,445,2
0,0,63810.0,1,1371,1,23,55,781,2
0,1,54132.0,1,42,0,5,52,319,1
0,1,18690.0,0,60,0,5,62,734,1
0,1,28164.0,1,78,0,9,51,636,1
0,1,34596.0,1,23,0,4,47,628,1
0,1,43269.0,1,19,0,4,49,472,1
0,0,38741.0,2,61,0,7,63,277,1
0,0,31907.0,0,449,0,14,49,638,1
0,1,27100.0,1,37,0,5,38,607,1
0,0,31163.0,1,38,0,5,48,322,1
0,1,92533.0,0,1131,2,23,36,378,2
0,0,34853.0,2,34,0,7,48,374,1
0,0,70844.0,2,294,0,17,54,428,1
0,1,31086.0,2,48,1,6,42,636,1
0,1,60544.0,2,289,0,15,60,859,1
0,1,20491.0,0,30,0,4,35,706,1
0,1,42523.0,0,125,0,7,57,253,1
0,1,39922.0,1,156,0,9,38,686,1
0,1,33402.0,2,70,0,9,69,532,1
0,1,36408.0,2,22,0,4,72,467,1
0,1,21645.0,1,65,1,9,42,1028,1
0,0,78427.0,0,1930,2,23,73,799,2
0,1,82657.0,0,2283,2,23,75,461,2
0,1,51876.0,0,310,0,13,63,443,1
0,1,78041.0,0,1319,0,18,50,746,2
0,1,52852.0,1,879,1,26,64,1085,2
0,1,70038.0,0,1244,0,17,39,433,2
0,1,69401.0,1,690,0,17,48,284,2
0,1,46053.0,1,209,0,12,49,683,1
0,1,77343.0,0,1134,0,17,56,117,2
0,0,73892.0,0,1507,1,23,68,414,2
0,0,40304.0,1,57,0,6,54,458,1
0,1,32727.0,0,529,0,17,56,856,1
0,1,68695.0,0,1091,0,16,52,190,2
0,0,43300.0,1,180,1,11,50,810,1
0,1,26290.0,2,77,0,10,49,396,1
0,0,93790.0,0,2349,4,25,51,30,2
0,1,38410.0,0,534,1,18,47,839,2
0,0,64866.0,1,556,1,21,71,340,2
0,1,57957.0,1,637,0,25,62,500,2
0,1,46015.0,2,46,2,5,66,263,1
0,1,16531.0,1,44,0,9,43,197,1
0,1,28072.0,1,47,0,5,35,512,1
0,0,49476.0,1,795,0,22,58,560,2
0,1,50725.0,1,586,0,21,68,687,2
0,1,83844.0,0,1574,1,20,69,392,2
0,1,41145.0,2,13,0,4,71,152,1
0,1,67419.0,1,1471,0,25,51,715,2
0,1,23162.0,2,65,0,8,51,376,1
0,1,34380.0,1,175,0,12,44,695,1
0,0,34704.0,1,40,0,5,55,614,1
0,1,94871.0,2,1078,3,18,52,1088,2
0,1,65148.0,1,1115,0,21,63,776,2
0,1,39898.0,1,134,0,9,67,395,1
0,0,64857.0,0,1540,0,23,65,769,2
0,1,59892.0,1,87,0,7,51,689,1
0,0,41020.0,0,217,0,10,34,430,1
0,1,57072.0,1,1034,1,27,60,342,2
0,0,60474.0,1,1180,0,31,42,727,2
0,1,62807.0,1,819,0,23,61,853,2
0,1,19414.0,1,32,0,5,40,442,1
0,1,19107.0,1,46,0,6,41,497,1
0,1,75484.0,1,1159,0,18,45,1058,2
0,0,70379.0,1,860,0,25,45,669,2
0,1,79419.0,0,1631,0,15,51,193,2
0,1,64014.0,3,444,1,22,75,87,1
0,1,76998.0,1,1910,1,29,66,426,2
0,1,49854.0,1,380,0,18,49,447,1
0,1,60585.0,2,736,1,30,50,556,2
0,0,42873.0,2,269,0,15,71,710,1
0,1,87679.0,0,2524,4,29,33,523,2
0,1,57867.0,1,612,0,25,43,721,2
0,1,35765.0,1,75,0,8,31,415,1
0,1,65492.0,0,1045,0,26,62,340,2
0,0,32952.0,1,55,0,6,44,719,1
0,1,53374.0,1,1064,2,21,52,868,2
0,1,71706.0,1,1443,0,25,62,779,2
0,1,68487.0,0,1366,0,30,33,718,2
0,1,53253.0,2,436,0,19,46,425,1
0,0,31163.0,1,38,0,5,48,322,1
0,1,42014.0,1,436,1,20,44,867,1
0,1,54108.0,2,747,0,32,48,965,2
0,0,49667.0,0,1396,2,22,66,864,2
0,1,63206.0,0,928,1,14,47,287,2
0,1,57136.0,2,642,0,26,49,481,2
0,1,46772.0,1,1048,1,30,46,904,2
0,1,78931.0,0,943,0,24,50,433,2
0,1,53977.0,1,907,0,27,63,513,2
0,1,84219.0,0,1198,0,18,33,333,2
0,0,46098.0,2,120,0,11,46,866,1
0,1,73538.0,1,1658,0,26,56,767,2
0,1,79529.0,0,1638,0,22,35,249,2
0,1,20981.0,0,73,1,7,44,611,1
0,0,51766.0,1,275,0,12,41,59,1
0,1,55759.0,1,854,0,26,59,764,2
0,1,33039.0,1,78,0,7,43,479,1
0,1,37787.0,1,106,0,7,49,468,1
0,0,27242.0,1,106,1,7,51,781,1
0,0,87188.0,0,1923,1,19,38,666,2
0,1,69930.0,0,1662,0,22,50,585,2
0,0,37697.0,1,84,0,7,45,183,1
0,1,37401.0,1,48,0,7,48,210,1
0,0,3502.0,1,5,0,0,48,628,1
0,1,58597.0,2,733,0,32,45,772,2
0,0,82032.0,0,1234,0,17,73,242,2
0,1,28087.0,2,112,0,9,63,780,1
0,0,74004.0,0,1658,3,15,34,311,2
0,1,19740.0,1,55,0,7,61,648,1
0,1,57036.0,1,1513,1,26,46,780,2
0,1,53083.0,2,271,1,17,63,596,1
0,1,69283.0,1,904,0,27,46,201,2
0,0,46098.0,2,120,1,11,46,866,1
0,1,23331.0,1,103,0,8,33,997,1
0,0,23331.0,1,269,0,17,33,966,1
0,0,9255.0,1,22,0,5,32,377,1
0,0,67786.0,0,1156,1,16,62,538,2
0,1,71969.0,1,1086,1,19,50,807,2
0,0,59235.0,1,1128,0,28,54,396,2
0,1,31928.0,1,72,0,9,32,279,1
0,1,74881.0,2,964,0,27,60,516,2
0,1,65819.0,0,1383,0,20,43,763,2
0,0,51411.0,3,18,0,4,68,585,1
0,0,51983.0,1,793,0,24,57,853,2
0,1,42386.0,1,100,0,7,35,718,1
0,1,30390.0,0,80,0,6,34,691,1
0,0,30983.0,0,167,1,8,58,842,1
0,0,66033.0,1,677,0,20,64,711,2
0,1,37284.0,2,23,0,4,46,643,1
0,0,57530.0,1,92,0,7,70,387,1
0,1,76800.0,0,641,0,16,56,151,2
0,1,63943.0,1,1106,0,17,65,1057,2
0,1,76081.0,0,1033,1,14,59,223,2
0,1,67445.0,1,1174,0,32,47,754,2
0,1,37054.0,2,25,0,6,54,473,1
0,1,47175.0,2,240,2,17,59,795,1
0,0,31859.0,1,20,0,4,45,566,1
0,0,27215.0,3,102,0,11,60,708,1
0,0,70179.0,1,1034,0,26,45,529,2
0,1,39922.0,1,156,0,9,38,686,1
0,1,49681.0,2,458,0,21,45,630,1
0,1,24645.0,1,17,0,4,33,1086,1
0,0,79865.0,1,792,0,21,67,197,2
0,1,44322.0,1,92,0,8,36,199,1
0,0,47958.0,1,407,0,16,69,712,1
0,0,63972.0,1,1269,1,23,57,1054,2
0,1,75315.0,1,841,0,23,67,261,2
0,1,55517.0,2,633,1,23,71,826,2
0,1,75283.0,3,1019,0,25,64,645,2
0,0,82800.0,0,1315,3,26,75,768,2
0,1,38998.0,2,54,0,8,67,1026,1
0,0,90638.0,0,2525,2,18,30,322,2
0,1,27161.0,1,52,0,5,35,430,1
0,1,42014.0,1,436,1,20,44,867,1
0,1,38201.0,1,268,0,15,61,643,1
0,1,45203.0,2,147,1,8,39,284,1
0,1,81574.0,0,1798,2,18,74,248,2
0,1,34935.0,0,137,0,8,29,559,1
0,0,60482.0,1,507,0,17,45,708,1
0,1,34633.0,3,15,0,4,65,343,1
0,1,78093.0,0,1105,0,17,74,415,2
0,0,82460.0,0,974,0,15,71,688,2
0,1,45903.0,1,66,0,8,55,253,1
0,0,81361.0,0,778,1,27,34,310,2
0,0,35860.0,2,49,2,6,48,227,1
0,1,40442.0,2,169,1,12,69,865,1
0,1,61482.0,0,299,0,12,56,188,1
0,1,34968.0,1,221,0,17,41,454,1
0,1,75794.0,0,1682,1,25,34,373,2
0,1,31497.0,1,155,0,10,59,933,1
0,1,74268.0,0,892,0,13,66,686,2
1,1,13724.0,1,58,1,5,33,853,3
0,1,45143.0,1,311,0,15,56,493,1
0,0,52569.0,1,95,0,7,54,242,1
0,0,48432.0,1,424,1,19,48,805,2
0,1,17144.0,2,47,0,12,61,320,1
0,0,36108.0,1,339,1,15,37,443,1
0,1,76445.0,1,1410,0,21,50,825,2
0,1,36663.0,1,35,0,6,46,251,1
0,1,53843.0,1,562,0,20,56,553,2
0,1,90226.0,0,2352,1,24,65,827,2
0,0,70638.0,0,1334,1,20,66,725,2
0,1,44512.0,2,32,0,6,61,489,1
0,1,27116.0,2,41,0,7,60,332,1
0,1,54072.0,2,39,0,5,58,523,1
0,1,71855.0,1,1141,0,25,44,715,2
0,0,51250.0,1,710,1,24,31,642,2
0,1,60432.0,1,401,0,19,48,120,1
0,1,65526.0,1,506,0,17,57,58,1
0,0,68655.0,0,1538,0,21,33,815,2
0,1,12393.0,0,57,0,6,43,994,1
0,0,64509.0,0,1722,2,19,31,502,2
0,0,33955.0,1,270,0,15,46,480,1
0,1,31353.0,2,31,1,6,44,368,1
0,1,55434.0,1,882,0,24,37,601,2
0,1,28359.0,1,16,0,4,38,431,1
0,0,57100.0,1,311,0,14,34,228,1
0,1,69139.0,1,227,0,11,56,339,1
0,1,52973.0,1,1152,0,31,65,873,2
0,1,51717.0,1,122,1,8,56,499,1
0,1,18793.0,1,77,0,9,50,396,1
0,1,66664.0,0,1289,0,19,39,828,2
0,0,50664.0,2,561,0,24,62,715,1
0,1,54414.0,2,211,0,13,58,708,1
0,1,54549.0,1,233,0,12,69,304,1
0,0,47111.0,1,1092,0,21,50,875,2
0,0,41003.0,0,601,0,17,58,655,2
0,1,19444.0,1,54,1,10,39,313,1
0,1,36301.0,1,78,0,7,45,433,1
0,1,73059.0,1,1095,0,26,74,488,2
0,1,42731.0,1,244,0,13,52,437,1
0,1,52854.0,2,116,0,9,62,283,1
0,1,22775.0,1,15,0,4,43,561,1
0,1,46681.0,2,425,0,16,73,509,1
0,1,59821.0,1,734,0,26,66,393,2
0,0,50002.0,1,638,0,19,67,563,2
0,1,69755.0,0,894,0,22,76,690,2
0,1,44078.0,2,41,0,7,52,196,1
0,1,30560.0,1,31,0,5,45,553,1
0,1,35924.0,2,34,0,5,52,284,1
0,0,64140.0,2,1750,4,18,57,465,2
0,1,56386.0,2,612,0,25,40,796,1
1,1,24594.0,1,29,0,5,42,446,3
0,1,75774.0,1,823,0,21,40,330,2
0,0,39228.0,0,20,0,4,61,453,1
0,1,58494.0,1,396,0,16,47,385,1
0,0,58684.0,0,813,1,21,40,199,2
0,0,57136.0,0,1179,1,20,54,593,2
0,0,56551.0,2,138,0,10,71,180,1
0,1,22448.0,1,55,0,9,39,309,1
0,0,82014.0,0,1511,1,22,60,864,2
0,0,34213.0,2,117,1,9,58,906,1
0,1,157146.0,0,1730,0,28,44,612,2
0,0,25358.0,1,32,0,6,74,528,1
0,0,35544.0,1,67,0,6,43,151,1
0,1,36634.0,1,335,0,15,67,583,1
0,1,62670.0,1,825,0,22,67,333,2
0,1,50334.0,1,694,0,23,49,526,2
0,0,72066.0,0,1792,3,17,40,192,2
0,0,50729.0,2,496,0,24,63,695,1
0,1,34916.0,2,231,0,13,53,596,1
0,0,64892.0,1,902,0,24,45,217,2
0,0,43602.0,2,68,0,9,55,92,1
0,0,33996.0,0,71,0,6,32,418,1
0,0,41473.0,1,76,0,6,36,561,1
0,1,63246.0,2,772,0,22,54,499,2
0,1,36732.0,2,47,0,9,62,368,1
0,1,69084.0,1,1586,0,25,51,408,2
0,1,77766.0,1,1529,2,34,54,678,2
0,0,37929.0,0,265,3,13,36,520,2
0,1,86610.0,0,1603,0,18,70,602,2
0,1,80141.0,0,2091,2,22,35,426,2
0,1,72635.0,0,981,1,21,66,666,2
0,1,69016.0,1,1533,0,34,51,770,2
0,1,20193.0,0,82,0,7,30,764,1
0,1,27573.0,1,244,0,14,46,647,1
1,0,15862.0,1,36,0,5,42,553,3
0,1,49544.0,1,404,0,16,45,395,1
0,1,33228.0,1,71,0,6,41,343,1
0,1,70440.0,0,1572,1,23,43,509,2
0,1,38232.0,2,122,0,11,50,349,1
0,1,22554.0,2,41,0,10,66,1026,1
0,1,23536.0,1,10,0,4,38,270,1
0,1,49413.0,1,304,0,13,69,433,1
0,1,42231.0,2,37,0,5,52,282,1
0,0,78789.0,0,1754,1,16,41,876,2
0,1,56534.0,1,815,3,25,53,527,2
0,0,58350.0,1,1001,0,27,50,640,2
0,0,81217.0,0,1157,0,22,32,531,2
0,0,49090.0,1,688,0,21,70,531,2
0,0,61787.0,0,1319,0,19,34,573,2
0,1,18169.0,1,21,0,4,36,681,1
0,0,24336.0,1,31,0,4,40,857,1
0,1,18222.0,0,67,0,6,31,731,1
0,0,62335.0,1,708,0,21,69,588,2
0,1,42033.0,2,25,0,4,50,834,1
0,1,86580.0,0,746,1,11,38,673,2
0,0,41437.0,2,32,0,5,64,831,1
0,0,73705.0,2,1695,0,25,70,243,2
0,1,61064.0,1,1080,0,28,45,853,2
0,1,38452.0,2,72,0,9,66,277,1
0,0,18358.0,1,57,0,10,32,407,1
0,1,55012.0,1,660,0,25,48,286,2
1,1,9722.0,1,103,1,11,48,1056,3
0,1,38175.0,1,153,0,11,37,465,1
0,1,58656.0,1,1220,1,32,65,833,2
0,1,52117.0,1,279,0,13,56,868,1
0,1,64813.0,1,745,0,20,43,334,2
0,1,54222.0,1,264,0,12,48,363,1
0,1,83512.0,0,2157,5,22,35,198,2
0,1,77520.0,1,1526,4,23,62,491,2
0,1,41154.0,1,69,0,6,43,484,1
0,1,80398.0,0,1597,1,26,55,812,2
1,0,18746.0,1,64,0,8,29,217,3
0,1,35196.0,1,497,0,18,37,779,1
0,0,60230.0,1,1067,0,17,65,591,2
0,1,22108.0,2,31,0,7,44,149,1
0,1,44392.0,2,211,0,14,47,602,1
0,1,55424.0,1,877,2,25,45,767,2
0,1,17688.0,1,11,0,4,42,718,1
0,1,92491.0,0,2034,4,25,38,726,2
0,0,90273.0,0,1991,4,19,30,383,2
0,0,82571.0,0,1686,1,24,59,331,2
0,0,38513.0,1,324,1,17,39,338,1
0,0,16653.0,1,69,1,9,42,258,1
0,1,42586.0,2,252,1,16,66,794,1
1,0,23529.0,1,54,0,5,56,549,3
0,1,74881.0,2,964,0,27,60,516,2
0,1,71107.0,1,1327,0,28,70,683,2
0,1,46910.0,2,68,0,7,57,284,1
0,1,18690.0,0,60,0,5,62,734,1
0,0,37244.0,2,55,1,5,66,614,1
0,1,82427.0,0,1456,1,21,55,29,2
0,0,75342.0,1,563,0,18,63,575,2
0,0,70044.0,1,1504,0,26,67,682,2
0,0,79146.0,2,564,0,19,54,252,1
0,1,77437.0,0,1125,1,23,58,401,2
0,1,54984.0,1,358,1,17,62,222,1
0,1,42403.0,1,42,0,5,50,415,1
0,1,55761.0,1,184,1,10,57,252,1
0,1,37292.0,1,460,0,19,38,623,1
0,0,45576.0,0,145,1,8,76,218,1
0,1,70321.0,0,1376,1,25,74,715,2
0,0,58086.0,1,792,0,23,52,711,2
0,1,81795.0,0,1382,0,23,69,797,2
1,1,28389.0,0,28,0,4,74,772,3
0,1,66835.0,0,1033,0,24,75,460,2
0,0,69901.0,1,882,0,23,52,582,2
0,1,80360.0,0,2231,3,15,72,669,2
0,1,63342.0,1,1101,2,19,60,807,2
0,1,44989.0,1,369,0,16,47,753,1
0,0,31859.0,1,48,0,5,41,308,1
0,0,51569.0,1,467,2,19,72,395,2
0,0,30372.0,2,44,0,8,50,737,1
1,0,16014.0,2,38,0,10,42,655,3
0,1,41120.0,2,81,0,9,53,569,1
0,0,39763.0,1,167,1,10,50,633,1
0,1,38725.0,2,45,0,7,66,88,1
0,1,77981.0,1,664,0,21,49,585,2
0,1,62905.0,1,622,0,20,57,449,2
0,0,13533.0,1,48,0,7,42,455,1
0,1,59481.0,1,461,0,16,46,435,1
0,1,72117.0,1,1073,0,26,44,499,2
0,1,21955.0,1,55,0,8,35,541,1
0,1,67131.0,1,976,0,26,65,646,2
0,0,36802.0,1,20,0,5,41,199,1
0,1,71853.0,0,1149,0,17,39,514,2
1,1,28249.0,0,43,0,6,60,200,3
0,1,47808.0,1,224,1,10,46,438,1
0,0,25509.0,1,101,1,9,47,835,1
0,1,51012.0,0,209,0,10,75,623,1
0,0,70596.0,0,968,0,21,36,966,2
0,1,85431.0,0,1165,0,17,69,513,2
0,1,42664.0,1,24,0,5,54,289,1
0,1,42586.0,2,252,1,16,66,794,1
0,0,29760.0,1,165,0,12,36,855,1
0,1,28973.0,0,269,0,13,44,810,1
0,1,39435.0,1,102,0,7,48,572,1
0,1,65370.0,0,461,0,19,37,723,2
1,0,20194.0,1,47,0,7,42,745,3
0,0,42473.0,2,144,0,10,45,318,1
0,1,64590.0,0,1338,0,24,53,809,2
0,1,71232.0,1,917,0,25,62,399,2
0,1,34600.0,2,318,1,17,50,730,1
0,0,46904.0,2,253,0,14,54,1026,1
0,1,49094.0,1,502,0,20,48,832,1
0,1,36075.0,1,119,0,7,38,476,1
0,1,60839.0,2,1250,0,29,42,856,2
0,1,77298.0,1,969,0,24,42,689,2
0,1,34026.0,2,76,0,9,71,603,1
0,0,48918.0,2,62,0,7,58,28,1
0,1,82122.0,0,1382,1,26,59,504,2
0,0,37697.0,1,84,0,7,45,183,1
0,1,34074.0,2,255,1,14,69,537,1
0,1,28520.0,2,43,0,5,61,566,1
0,0,62535.0,1,398,0,14,66,662,1
0,0,36273.0,1,76,0,8,44,260,1
0,1,63404.0,2,902,1,15,57,209,1
0,1,75774.0,1,823,0,21,40,330,2
0,1,78416.0,1,1179,0,26,45,188,2
0,1,75702.0,1,1921,1,29,47,809,2
0,1,59385.0,2,185,0,10,70,613,1
0,0,37070.0,2,433,1,23,55,652,1
0,1,44689.0,2,34,1,6,70,92,1
0,1,53977.0,1,907,0,27,63,513,2
0,0,7144.0,2,416,0,25,55,538,1
0,0,18701.0,2,44,0,10,57,635,1
0,1,90369.0,0,1588,1,17,65,248,2
0,0,63159.0,0,1797,1,17,47,965,2
0,1,37758.0,2,40,0,6,55,996,1
0,0,46757.0,1,1143,0,21,58,776,2
0,1,79734.0,0,914,1,14,52,187,2
0,1,63207.0,0,1502,1,12,29,711,2
0,0,72071.0,1,1338,0,20,67,686,2
0,1,21840.0,1,27,0,5,38,529,1
0,1,58582.0,1,763,1,22,39,460,2
0,0,72282.0,0,1331,1,22,70,531,2
0,1,50387.0,2,525,0,19,65,488,1
0,1,32583.0,2,9,0,4,60,200,1
0,1,62568.0,1,953,1,16,59,181,2
0,0,44635.0,2,68,0,7,50,417,1
0,0,33316.0,2,131,0,10,50,631,1
0,1,63967.0,1,882,0,23,53,480,2
0,1,52513.0,0,1149,0,25,43,997,2
0,1,25293.0,1,37,0,5,52,473,1
0,0,54111.0,1,388,0,15,56,494,1
0,1,78394.0,0,1428,1,16,35,685,2
0,1,80739.0,0,1633,0,24,63,588,2
0,1,22669.0,1,173,1,10,46,589,1
0,0,29236.0,1,99,0,9,34,509,1
0,1,44911.0,1,215,0,12,62,657,1
0,1,54693.0,1,929,0,31,59,683,2
0,1,48186.0,1,219,0,12,47,287,1
0,1,54809.0,2,174,1,12,44,418,1
0,1,41580.0,2,92,0,9,43,811,1
0,1,80336.0,0,1052,0,25,51,479,2
0,1,47743.0,1,275,1,14,64,650,1
0,1,62972.0,1,587,0,16,66,1029,2
0,0,57333.0,1,1662,1,33,67,831,2
0,1,32313.0,1,159,0,11,39,425,1
0,0,84953.0,0,1024,4,18,68,666,2
0,0,27071.0,1,35,0,7,53,253,1
0,1,68148.0,0,1042,0,15,64,488,2
0,1,65735.0,2,395,0,19,56,538,1
0,1,86836.0,0,557,4,23,46,753,2
0,1,4023.0,2,9,0,15,58,192,1
0,1,30093.0,0,69,0,6,31,512,1
0,1,57705.0,1,486,0,18,55,61,1
0,0,25008.0,1,34,0,6,33,333,1
0,0,83257.0,0,1365,3,28,26,835,2
0,1,22280.0,1,13,0,4,46,592,1
0,1,72159.0,0,1401,0,21,43,794,2
0,1,64260.0,0,1574,1,14,60,426,2
0,0,82733.0,0,1323,1,20,37,449,2
0,0,74290.0,1,1217,2,32,50,389,2
0,0,58217.0,3,103,0,7,70,775,1
0,1,21024.0,0,84,0,7,45,634,1
0,1,70116.0,0,1536,0,23,49,705,2
0,1,54006.0,1,581,0,18,36,835,1
0,1,69063.0,1,928,0,14,55,904,2
0,0,11448.0,0,14,0,4,46,382,1
0,0,61825.0,1,424,0,15,42,542,1
0,1,70886.0,1,960,0,14,50,444,2
0,1,69109.0,0,1555,2,20,39,842,2
0,0,60208.0,2,656,2,29,48,905,2
0,1,32889.0,2,55,0,9,53,571,1
0,0,34738.0,1,20,0,5,37,57,1
0,1,30538.0,1,367,0,17,50,1087,1
0,1,82326.0,0,2257,4,22,44,90,2
0,0,26642.0,1,42,0,7,54,363,1
0,0,69932.0,1,1049,0,26,57,391,2
0,0,44503.0,2,48,0,7,49,260,1
0,0,60200.0,1,685,0,25,73,699,2
0,0,49638.0,1,39,0,5,69,257,1
0,0,23830.0,0,43,0,5,34,183,1
0,0,33051.0,0,835,1,21,62,868,2
0,1,72905.0,0,1515,1,20,63,345,2
0,1,69702.0,1,1039,0,26,70,681,2
0,0,70300.0,1,1596,0,26,46,535,2
0,1,70643.0,0,1828,1,18,37,808,2
0,1,30396.0,1,34,2,6,52,246,1
0,0,50616.0,1,149,0,10,53,258,1
0,0,62772.0,1,946,1,23,52,592,2
0,0,30298.0,0,28,0,6,36,227,1
0,0,52413.0,1,450,0,17,37,1026,1
0,1,44155.0,2,46,0,5,64,347,1
0,0,86979.0,0,1702,2,16,50,539,2
0,1,76532.0,2,820,0,25,46,479,2
0,1,42081.0,1,382,1,15,39,674,1
0,1,67546.0,0,2126,0,20,33,853,2
0,1,88420.0,0,2069,3,20,32,330,2
0,1,31158.0,1,72,0,7,36,704,1
0,0,61671.0,1,732,2,28,53,301,2
0,0,69719.0,0,801,0,11,47,220,2
0,0,49160.0,1,236,0,12,72,438,1
1,1,24882.0,1,80,1,5,43,844,3
0,0,90933.0,0,1685,1,15,67,276,2
0,0,113734.0,0,277,0,27,76,218,2
0,1,59292.0,1,507,0,18,71,567,2
0,1,45759.0,2,68,0,7,57,677,1
0,0,22148.0,0,49,0,5,38,263,1
0,1,73395.0,0,397,0,15,34,289,2
0,0,29819.0,1,39,0,9,50,434,1
0,1,45688.0,1,306,1,14,53,341,1
0,1,62820.0,0,976,0,14,67,422,2
0,1,60491.0,1,1028,0,28,50,571,2
0,1,33235.0,1,70,0,7,35,244,1
0,1,35701.0,0,46,0,5,62,653,1
0,1,31535.0,1,51,1,5,41,462,1
0,1,92556.0,0,1263,0,21,61,256,2
0,0,67384.0,1,1490,1,22,51,812,2
0,1,80573.0,0,1564,0,24,50,809,2
0,1,77870.0,1,1815,3,18,54,862,2
0,0,52278.0,1,1198,0,31,58,706,2
0,0,57107.0,1,416,3,23,53,860,2
0,1,18929.0,0,85,0,6,31,684,1
0,0,36038.0,1,47,0,8,40,580,1
0,0,20180.0,0,137,0,8,45,680,1
0,1,34230.0,2,21,0,4,56,736,1
0,0,31878.0,1,70,0,6,44,193,1
0,1,70932.0,1,909,0,22,49,347,2
0,0,91249.0,0,1676,5,22,65,803,2
0,0,77598.0,0,1735,1,26,78,721,2
0,0,80982.0,2,1191,0,30,62,518,2
0,1,22701.0,1,24,0,5,44,602,1
0,1,55212.0,1,1182,2,20,52,769,2
0,1,70617.0,0,1280,0,14,51,557,2
0,0,64849.0,0,1336,1,19,64,779,2
0,1,62694.0,2,749,0,24,56,563,2
0,1,61917.0,2,91,0,7,47,407,1
0,1,67472.0,1,414,0,15,74,460,1
0,1,21059.0,1,44,0,9,39,184,1
0,1,29543.0,2,63,0,8,53,362,1
0,1,75903.0,1,901,0,23,70,515,2
0,1,34984.0,2,38,0,6,46,936,1
0,0,54998.0,1,455,1,20,65,455,2
0,0,54356.0,1,775,1,24,72,773,2
0,1,34242.0,1,15,0,4,62,284,1
0,1,25410.0,1,38,0,6,48,488,1
0,1,73356.0,0,1512,4,22,37,213,2
0,1,28320.0,1,43,0,5,71,717,1
0,0,23763.0,1,42,0,5,44,907,1
0,1,72570.0,0,1089,0,23,37,251,2
0,1,34529.0,1,162,0,9,45,839,1
0,0,70792.0,0,1272,0,19,70,578,2
0,1,63211.0,0,1173,1,20,39,1055,2
0,1,83891.0,1,816,0,22,47,195,2
0,0,36065.0,2,74,0,9,53,641,1
0,1,39898.0,1,134,0,9,67,395,1
0,0,51141.0,0,157,0,9,81,512,1
0,1,56939.0,1,561,0,18,45,470,1
0,0,80872.0,0,1336,0,19,70,27,2
0,1,72335.0,0,2092,1,23,45,871,2
0,0,61798.0,0,463,0,16,57,404,2
0,0,76842.0,0,1130,0,17,71,302,2
0,1,29478.0,1,20,0,5,45,349,1
0,0,46998.0,1,377,1,18,65,801,2
0,0,96843.0,0,1544,2,28,31,618,2
0,0,56551.0,2,138,0,10,71,180,1
0,1,70053.0,1,1012,0,26,56,665,2
0,0,71670.0,0,1766,4,15,59,481,2
0,1,44359.0,2,45,0,9,43,198,1
0,0,40887.0,2,161,1,10,69,575,1
0,0,48877.0,1,144,0,8,55,245,1
0,1,74485.0,0,1734,0,26,74,495,2
0,1,64474.0,1,823,0,22,49,436,2
0,1,77226.0,1,1138,0,28,58,307,2
0,0,72643.0,0,1429,2,21,72,673,2
0,1,85738.0,0,1371,2,21,43,343,2
0,0,55686.0,1,982,1,16,55,686,2
0,0,39062.0,1,44,1,5,38,282,1
0,1,34600.0,2,318,1,17,50,730,1
0,1,40794.0,1,434,0,16,46,546,1
0,1,54690.0,2,198,0,12,50,539,1
0,1,4428.0,1,359,0,25,52,601,1
0,1,32632.0,0,576,0,18,58,1058,2
0,0,38236.0,2,88,0,11,53,468,1
0,1,36781.0,1,63,1,6,42,89,1
0,0,31385.0,1,27,2,4,37,964,1
0,1,24570.0,1,193,0,11,37,673,1
0,0,25509.0,1,101,1,9,47,835,1
0,1,94642.0,0,2211,2,21,70,30,2
0,1,58646.0,1,140,0,8,59,452,1
0,0,53201.0,2,415,0,22,46,395,1
0,1,21994.0,1,22,0,4,64,738,1
0,1,57113.0,2,263,0,16,43,578,1
0,1,51373.0,0,393,0,12,30,558,1
0,1,23477.0,1,147,0,10,35,437,1
0,1,58116.0,1,443,0,16,65,263,1
0,0,72968.0,0,1958,2,19,58,381,2
0,1,39791.0,1,174,0,10,50,644,1
0,0,91712.0,0,2217,2,27,74,441,2
0,0,94472.0,1,1691,2,16,63,303,2
0,1,13672.0,2,25,0,6,61,624,1
0,1,96547.0,0,809,4,21,41,223,2
0,1,79205.0,0,895,2,16,46,855,2
0,1,56559.0,1,484,0,18,46,737,1
0,1,32644.0,1,413,1,18,48,715,1
0,0,67506.0,1,331,0,12,41,334,1
0,0,24206.0,1,25,0,5,51,516,1
0,0,28420.0,1,13,0,4,54,373,1
0,1,22979.0,1,115,1,10,51,936,1
0,0,33279.0,0,16,0,4,55,26,1
0,0,46423.0,2,92,0,9,49,470,1
0,1,30368.0,1,52,0,7,44,539,1
0,1,63684.0,1,1464,0,23,51,766,2
0,0,41638.0,1,441,1,17,57,687,1
0,0,68805.0,1,283,0,12,62,471,1
0,1,65814.0,1,747,0,23,55,332,2
0,0,71964.0,0,1870,0,17,63,591,2
0,0,39146.0,1,165,0,11,35,686,1
0,1,96876.0,0,1941,4,24,44,572,2
1,1,34445.0,0,839,0,27,40,704,3
0,0,68281.0,0,1655,1,25,63,907,2
0,1,37284.0,2,23,0,4,46,643,1
0,1,36790.0,0,66,1,6,38,728,1
0,1,27943.0,2,37,0,8,54,626,1
0,0,22263.0,2,21,0,6,70,277,1
0,1,30261.0,3,22,0,4,49,828,1
0,1,28587.0,1,78,0,9,43,30,1
0,1,43815.0,1,79,0,6,39,607,1
0,1,48195.0,2,265,0,17,65,345,1
0,1,77027.0,1,1175,0,19,69,244,2
0,1,71322.0,1,1305,0,28,56,684,2
0,1,32765.0,1,46,0,8,42,312,1
0,1,29672.0,2,25,0,4,56,394,1
0,0,23272.0,0,46,0,5,68,441,1
0,1,49912.0,1,874,2,26,72,906,2
0,1,7500.0,1,100,0,10,36,1089,1
0,0,68117.0,1,930,2,25,74,455,2
0,1,67225.0,1,868,0,23,66,401,2
0,1,17649.0,1,45,0,9,45,386,1
0,1,55914.0,1,1260,0,29,46,612,2
0,1,40059.0,1,414,1,12,37,460,1
0,1,60905.0,1,392,0,15,71,599,1
0,1,75330.0,2,1109,0,29,44,996,2
0,0,60689.0,1,639,0,22,70,725,2
0,1,38680.0,1,79,0,6,37,644,1
0,1,61416.0,0,1665,1,24,39,517,2
0,0,49767.0,0,692,0,18,30,695,2
0,0,83273.0,3,1392,0,29,51,828,2
0,1,29009.0,1,44,0,7,40,398,1
0,1,45057.0,1,50,0,6,42,719,1
0,1,37150.0,1,467,0,21,50,783,1
0,0,43020.0,1,223,0,12,51,397,1
0,1,53154.0,1,158,0,9,62,117,1
0,1,65308.0,0,1211,2,28,48,418,2
0,0,76467.0,1,1575,1,14,51,867,2
0,1,81044.0,0,1208,0,22,74,370,2
0,1,32871.0,2,43,0,5,70,485,1
0,0,55801.0,2,527,1,21,46,466,1
0,0,76320.0,1,932,0,15,62,193,2
0,0,36927.0,2,71,0,8,66,329,1
0,1,48794.0,2,54,0,5,68,189,1
0,0,23478.0,0,129,0,7,56,653,1
0,0,71128.0,1,1615,0,27,48,935,2
0,0,70179.0,1,1034,0,26,45,529,2
0,1,59462.0,1,1088,0,25,71,610,2
0,1,52247.25135379061,2,721,0,25,52,593,2
0,1,38361.0,1,137,0,10,52,370,1
0,0,52247.25135379061,1,47,0,8,40,580,1
0,1,70038.0,0,1244,0,17,39,433,2
0,1,42554.0,2,41,0,7,43,396,1
0,1,67445.0,1,1174,0,32,47,754,2
0,0,67046.0,1,993,0,15,70,579,2
0,1,42192.0,0,100,0,7,73,571,1
0,1,77610.0,1,1680,0,17,69,794,2
0,1,31761.0,1,98,0,9,37,242,1
0,1,34350.0,1,48,0,5,42,439,1
0,1,54591.0,1,519,0,19,72,603,2
0,1,71866.0,1,715,0,20,65,372,2
0,1,25293.0,1,37,0,5,52,473,1
0,0,42000.0,0,653,1,20,34,457,2
0,1,69520.0,0,1455,0,21,38,543,2
0,0,64713.0,1,602,1,19,51,183,2
0,1,27889.0,1,26,0,5,44,604,1
1,0,22123.0,0,102,0,7,61,280,3
0,1,52247.25135379061,2,97,0,10,50,669,1
0,1,52247.25135379061,1,207,0,11,67,557,1
0,1,27803.0,1,176,0,9,48,858,1
0,0,52247.25135379061,1,450,0,15,66,440,1
0,1,51651.0,1,433,0,17,61,904,1
0,1,68487.0,0,1366,0,30,33,718,2
0,0,52247.25135379061,0,1564,2,22,78,428,2
0,1,56796.0,1,1001,0,27,52,684,2
0,1,87000.0,0,961,0,18,29,747,2
0,1,79823.0,1,1518,1,23,62,276,2
0,0,30828.0,1,56,0,8,41,631,1
0,1,34109.0,1,22,0,4,50,569,1
0,0,53367.0,2,400,1,21,47,488,1
1,1,22390.0,0,26,0,4,52,437,3
0,1,71322.0,1,350,0,13,45,330,1
0,0,79244.0,0,1216,3,22,28,743,2
0,1,49912.0,1,874,2,26,72,906,2
0,1,48699.0,2,40,0,5,71,590,1
0,1,80144.0,0,1367,0,19,46,458,2
0,0,54252.0,2,264,0,15,65,583,1
0,1,81929.0,1,2053,3,20,45,824,2
0,1,76068.0,1,1376,2,10,46,763,2
0,1,53204.0,2,45,0,5,45,287,1
0,1,67911.0,1,976,0,27,72,224,2
0,1,14796.0,1,51,1,6,37,836,1
0,1,78128.0,1,1264,2,20,47,316,2
1,1,14188.0,0,75,0,7,49,672,3
1,1,20425.0,1,57,0,7,35,794,3
0,1,58646.0,1,140,0,8,59,452,1
0,0,72967.0,1,497,2,19,51,747,2
0,1,48150.0,1,266,0,13,72,513,1
0,0,82332.0,0,2006,2,21,60,836,2
0,0,58275.0,2,615,0,23,66,694,2
0,1,44953.0,0,1021,1,24,40,741,2
0,1,34587.0,2,22,0,6,68,230,1
0,1,43018.0,1,133,0,7,47,720,1
0,1,45736.0,1,437,0,19,67,526,1
0,1,66476.0,1,1013,0,26,52,629,2
0,1,27733.0,1,57,0,7,40,493,1
0,1,69805.0,1,1038,0,27,69,345,2
0,0,72217.0,0,1573,0,22,59,454,2
0,0,25818.0,1,28,0,4,50,805,1
0,1,37509.0,1,123,0,9,45,753,1
0,1,25176.0,2,13,0,4,45,450,1
0,1,43586.0,1,132,0,10,41,854,1
0,1,53230.0,1,732,0,23,65,1029,2
0,1,50116.0,2,66,1,7,64,195,1
0,1,84906.0,0,1631,3,24,49,631,2
0,1,61286.0,1,608,0,18,55,692,2
0,1,82333.0,0,1822,2,18,35,642,2
0,1,65220.0,0,1282,1,23,56,1028,2
0,1,33590.0,3,8,0,4,47,661,1
0,0,30992.0,1,43,0,5,45,619,1
0,0,72309.0,0,1931,2,20,45,424,2
0,1,156924.0,0,8,0,0,72,490,2
1,1,16005.0,1,103,0,8,41,870,3
0,0,65487.0,0,1169,0,17,64,92,2
0,1,58692.0,1,395,0,15,56,211,1
0,0,40590.0,2,258,1,15,52,690,1
0,0,20587.0,1,25,0,5,51,57,1
0,0,62637.0,1,185,0,10,67,363,1
0,0,29435.0,2,180,1,11,55,937,1
0,0,19346.0,1,22,0,5,47,336,1
0,1,35788.0,2,44,0,7,50,343,1
0,0,36997.0,2,94,0,12,53,729,1
0,1,23539.0,0,81,0,7,64,307,1
0,0,65333.0,1,798,2,28,48,349,2
0,0,78499.0,0,1334,2,19,64,404,2
0,1,29732.0,1,38,0,5,50,282,1
0,1,41275.0,3,61,0,11,61,283,1
0,1,63516.0,2,300,0,16,48,573,1
0,1,42769.0,1,88,0,8,59,387,1
0,1,49572.0,2,54,0,7,63,382,1
0,1,69209.0,0,1782,1,16,49,836,2
0,1,17148.0,1,68,0,11,45,338,1
0,0,40590.0,2,258,1,15,52,690,1
0,1,30560.0,1,31,0,5,45,553,1
0,1,32146.0,1,66,0,8,38,27,1
0,0,41713.0,2,174,0,13,57,247,1
0,1,34176.0,1,28,0,5,46,344,1
0,1,58482.0,1,731,1,22,66,29,2
0,0,59686.0,1,274,0,12,56,341,1
0,1,60896.0,1,1701,1,26,57,782,2
0,1,62994.0,1,312,0,13,41,273,1
0,1,47320.0,1,414,0,20,64,723,1
0,0,74859.0,0,1565,1,23,72,666,2
1,0,15253.0,1,29,0,6,29,430,3
0,0,31560.0,1,94,0,8,47,556,1
0,0,72071.0,1,1338,0,20,67,686,2
0,0,91172.0,0,1092,5,14,31,645,2
0,1,90000.0,0,1479,3,18,37,374,2
0,0,41967.0,2,54,0,5,40,404,1
0,0,69263.0,1,568,1,18,56,243,2
0,0,65706.0,0,1199,4,27,51,552,2
0,1,60934.0,1,873,0,23,46,349,2
0,1,71965.0,1,1213,0,17,70,521,2
0,1,65210.0,1,731,2,22,66,90,2
0,1,79174.0,0,2043,3,19,46,426,2
0,0,81380.0,0,1893,0,17,54,740,2
0,0,48432.0,1,424,0,19,48,805,1
0,1,52914.0,1,575,1,15,50,549,1
0,1,38946.0,1,257,0,12,66,434,1
0,1,26067.0,1,56,0,9,47,630,1
0,1,44325.0,1,542,1,21,49,547,2
0,1,42523.0,0,125,0,7,57,253,1
1,0,26487.0,1,69,0,9,43,591,3
0,1,53233.0,1,40,0,5,64,289,1
0,1,67716.0,1,1016,1,28,61,457,2
0,1,76234.0,1,907,1,23,49,213,2
0,1,84117.0,0,1566,1,24,65,57,2
0,1,65487.0,0,1169,0,17,64,92,2
1,1,25224.0,1,46,0,7,49,291,3
0,0,89616.0,0,1644,1,25,38,675,2
0,0,40851.0,2,59,0,5,50,679,1
0,1,27469.0,0,17,0,4,74,1058,1
0,1,82347.0,0,1853,3,25,64,934,2
0,1,73803.0,1,1528,2,22,64,1089,2
0,0,8820.0,2,35,0,10,69,650,1
0,0,43322.0,0,141,0,8,47,255,1
0,1,55593.0,1,546,1,17,48,498,2
0,1,50501.0,2,500,2,20,67,562,2
0,1,37085.0,2,61,0,10,46,189,1
1,0,16185.0,1,106,0,8,31,603,3
0,0,57731.0,1,704,0,26,52,769,2
0,0,48432.0,1,424,1,19,48,805,2
0,1,73807.0,1,849,0,23,43,699,2
0,1,18929.0,0,85,0,6,31,684,1
0,0,35893.0,2,199,0,15,53,808,1
0,1,61014.0,1,1147,0,20,41,784,2
0,1,32144.0,2,54,1,10,67,284,1
1,1,14918.0,1,43,0,5,58,903,3
0,0,45146.0,2,53,0,6,58,535,1
0,0,41769.0,1,521,0,22,66,687,2
0,1,88325.0,0,1623,0,18,40,244,2
0,0,38054.0,2,45,0,7,71,361,1
0,0,80617.0,0,1435,0,19,26,752,2
0,1,5305.0,1,32,0,1,45,520,1
0,1,36807.0,2,16,0,4,67,742,1
0,1,28427.0,1,52,0,7,38,651,1
0,0,82032.0,0,1234,0,17,73,242,2
0,1,22775.0,1,15,0,4,43,561,1
0,1,40101.0,1,415,0,17,36,809,1
0,1,58025.0,1,470,0,18,42,401,1
0,0,75777.0,0,1438,3,21,39,634,2
0,1,7500.0,1,53,0,11,42,545,1
0,1,33562.0,3,51,0,9,58,190,1
0,0,57642.0,1,679,1,22,51,122,2
0,1,58554.0,2,586,0,22,53,827,1
0,1,63777.0,2,653,0,26,42,648,2
0,0,57967.0,1,468,0,19,59,669,2
0,1,52247.25135379061,0,1679,1,1,43,754,2
0,1,24434.0,2,50,0,7,49,228,1
0,0,11012.0,1,84,1,9,37,656,1
0,0,44802.0,0,1049,0,27,51,863,2
0,0,26816.0,0,22,0,4,35,867,1
0,1,666666.0,1,62,0,11,44,694,2
0,1,34421.0,1,30,0,4,47,724,1
0,1,61223.0,1,1341,0,18,54,567,2
0,1,64014.0,3,444,1,22,75,87,1
0,0,56981.0,0,1241,1,19,40,341,2
0,1,69245.0,1,843,0,23,65,342,2
0,1,52869.0,2,172,1,11,67,808,1
